step,train_loss,eval_loss,lr
1,4.270528,,3.33333e-07
2,4.326586,,6.66667e-07
3,4.553669,,1e-06
4,4.491300,,1.33333e-06
5,4.741630,,1.66667e-06
6,4.952251,,2e-06
7,3.586989,,2.33333e-06
8,3.825323,,2.66667e-06
9,3.795802,,3e-06
10,4.451448,,3.33333e-06
11,3.829068,,3.66667e-06
12,3.378975,,4e-06
13,4.034061,,4.33333e-06
14,4.981073,,4.66667e-06
15,4.193000,,5e-06
16,3.586802,,5.33333e-06
17,3.855221,,5.66667e-06
18,3.445843,,6e-06
19,3.134811,,6.33333e-06
20,3.652372,,6.66667e-06
21,3.520068,,7e-06
22,4.089990,,7.33333e-06
23,4.026767,,7.66667e-06
24,3.575248,,8e-06
25,3.615840,,8.33333e-06
26,3.406584,,8.66667e-06
27,3.044542,,9e-06
28,3.487459,,9.33333e-06
29,3.938226,,9.66667e-06
30,3.690595,,1e-05
31,3.626959,,1.03333e-05
32,3.571787,,1.06667e-05
33,3.639171,,1.1e-05
34,3.519249,,1.13333e-05
35,3.341209,,1.16667e-05
36,3.375355,,1.2e-05
37,3.517200,,1.23333e-05
38,2.923937,,1.26667e-05
39,3.150409,,1.3e-05
40,3.696104,,1.33333e-05
41,3.593753,,1.36667e-05
42,3.534991,,1.4e-05
43,3.546247,,1.43333e-05
44,3.733908,,1.46667e-05
45,4.069211,,1.5e-05
46,3.777266,,1.53333e-05
47,3.398333,,1.56667e-05
48,3.913732,,1.6e-05
49,3.556833,,1.63333e-05
50,3.787812,,1.66667e-05
51,3.226803,,1.7e-05
52,2.833202,,1.73333e-05
53,2.427242,,1.76667e-05
54,2.642671,,1.8e-05
55,3.159318,,1.83333e-05
56,3.011371,,1.86667e-05
57,2.736470,,1.9e-05
58,2.994987,,1.93333e-05
59,3.169517,,1.96667e-05
60,3.150572,,2e-05
61,3.181814,,2.03333e-05
62,3.458179,,2.06667e-05
63,3.239563,,2.1e-05
64,3.068661,,2.13333e-05
65,2.847575,,2.16667e-05
66,2.434247,,2.2e-05
67,3.510439,,2.23333e-05
68,3.260599,,2.26667e-05
69,3.039461,,2.3e-05
70,2.939083,,2.33333e-05
71,2.975249,,2.36667e-05
72,2.990166,,2.4e-05
73,3.367283,,2.43333e-05
74,3.031300,,2.46667e-05
75,3.267132,,2.5e-05
76,3.448318,,2.53333e-05
77,3.328149,,2.56667e-05
78,2.979700,,2.6e-05
79,2.672128,,2.63333e-05
80,2.767272,,2.66667e-05
81,2.826739,,2.7e-05
82,3.163038,,2.73333e-05
83,2.775454,,2.76667e-05
84,3.264993,,2.8e-05
85,2.810346,,2.83333e-05
86,2.876882,,2.86667e-05
87,3.389271,,2.9e-05
88,3.606837,,2.93333e-05
89,3.631755,,2.96667e-05
90,3.516372,,3e-05
91,3.289693,,3.03333e-05
92,3.705376,,3.06667e-05
93,3.529683,,3.1e-05
94,3.168393,,3.13333e-05
95,2.751067,,3.16667e-05
96,3.839284,,3.2e-05
97,3.720121,,3.23333e-05
98,3.490137,,3.26667e-05
99,2.752065,,3.3e-05
100,2.941556,,3.33333e-05
101,2.998476,,3.36667e-05
102,2.691024,,3.4e-05
103,2.566464,,3.43333e-05
104,2.974112,,3.46667e-05
105,3.678621,,3.5e-05
106,3.563586,,3.53333e-05
107,2.441580,,3.56667e-05
108,2.495416,,3.6e-05
109,3.235043,,3.63333e-05
110,3.812528,,3.66667e-05
111,3.558143,,3.7e-05
112,3.246338,,3.73333e-05
113,2.823802,,3.76667e-05
114,3.528532,,3.8e-05
115,2.188129,,3.83333e-05
116,3.146076,,3.86667e-05
117,2.740520,,3.9e-05
118,2.769377,,3.93333e-05
119,3.127825,,3.96667e-05
120,3.235959,,4e-05
121,3.577496,,4.03333e-05
122,3.220835,,4.06667e-05
123,3.336888,,4.1e-05
124,3.496456,,4.13333e-05
125,3.768830,,4.16667e-05
126,3.712230,,4.2e-05
127,2.747017,,4.23333e-05
128,3.298801,,4.26667e-05
129,3.542905,,4.3e-05
130,2.785696,,4.33333e-05
131,2.217763,,4.36667e-05
132,3.102632,,4.4e-05
133,2.732757,,4.43333e-05
134,2.827039,,4.46667e-05
135,2.782870,,4.5e-05
136,3.097224,,4.53333e-05
137,2.542106,,4.56667e-05
138,3.079808,,4.6e-05
139,2.711589,,4.63333e-05
140,2.966013,,4.66667e-05
141,3.181340,,4.7e-05
142,3.229486,,4.73333e-05
143,2.429397,,4.76667e-05
144,2.371371,,4.8e-05
145,2.555933,,4.83333e-05
146,2.938464,,4.86667e-05
147,3.243424,,4.9e-05
148,2.831287,,4.93333e-05
149,3.451553,,4.96667e-05
150,3.292979,,5e-05
151,3.396369,,5.03333e-05
152,3.575202,,5.06667e-05
153,3.485732,,5.1e-05
154,3.304044,,5.13333e-05
155,3.581178,,5.16667e-05
156,3.100909,,5.2e-05
157,2.841839,,5.23333e-05
158,3.557699,,5.26667e-05
159,3.397719,,5.3e-05
160,3.245746,,5.33333e-05
161,3.551744,,5.36667e-05
162,3.259315,,5.4e-05
163,3.517540,,5.43333e-05
164,3.405274,,5.46667e-05
165,3.227387,,5.5e-05
166,3.386742,,5.53333e-05
167,3.258039,,5.56667e-05
168,2.759651,,5.6e-05
169,3.125328,,5.63333e-05
170,3.113901,,5.66667e-05
171,3.213318,,5.7e-05
172,3.243624,,5.73333e-05
173,3.044541,,5.76667e-05
174,2.900342,,5.8e-05
175,3.253858,,5.83333e-05
176,3.284600,,5.86667e-05
177,3.055689,,5.9e-05
178,2.866994,,5.93333e-05
179,2.853802,,5.96667e-05
180,3.103058,,6e-05
181,3.446364,,6.03333e-05
182,3.020681,,6.06667e-05
183,3.110792,,6.1e-05
184,2.928029,,6.13333e-05
185,3.179008,,6.16667e-05
186,3.220548,,6.2e-05
187,2.802348,,6.23333e-05
188,3.083246,,6.26667e-05
189,3.109000,,6.3e-05
190,3.076118,,6.33333e-05
191,3.289361,,6.36667e-05
192,3.127412,,6.4e-05
193,3.122910,,6.43333e-05
194,3.415159,,6.46667e-05
195,3.347823,,6.5e-05
196,3.082384,,6.53333e-05
197,2.960988,,6.56667e-05
198,3.215440,,6.6e-05
199,3.051625,,6.63333e-05
200,2.717152,,6.66667e-05
201,2.786482,,6.7e-05
202,2.854105,,6.73333e-05
203,3.065812,,6.76667e-05
204,3.411443,,6.8e-05
205,3.619460,,6.83333e-05
206,3.656936,,6.86667e-05
207,3.591407,,6.9e-05
208,3.239058,,6.93333e-05
209,3.639518,,6.96667e-05
210,3.717804,,7e-05
211,4.074739,,7.03333e-05
212,4.179489,,7.06667e-05
213,3.435347,,7.1e-05
214,3.329922,,7.13333e-05
215,3.402874,,7.16667e-05
216,3.132069,,7.2e-05
217,3.517397,,7.23333e-05
218,3.084772,,7.26667e-05
219,3.916339,,7.3e-05
220,3.245273,,7.33333e-05
221,3.159681,,7.36667e-05
222,2.996570,,7.4e-05
223,2.449950,,7.43333e-05
224,3.154922,,7.46667e-05
225,3.594828,,7.5e-05
226,3.184334,,7.53333e-05
227,2.898113,,7.56667e-05
228,2.717156,,7.6e-05
229,2.925593,,7.63333e-05
230,3.079463,,7.66667e-05
231,3.509458,,7.7e-05
232,3.573168,,7.73333e-05
233,3.517835,,7.76667e-05
234,3.351649,,7.8e-05
235,3.300668,,7.83333e-05
236,2.695670,,7.86667e-05
237,3.643436,,7.9e-05
238,3.391981,,7.93333e-05
239,3.172665,,7.96667e-05
240,3.018146,,8e-05
241,3.040086,,8.03333e-05
242,2.863143,,8.06667e-05
243,3.129727,,8.1e-05
244,3.233347,,8.13333e-05
245,2.733846,,8.16667e-05
246,3.539378,,8.2e-05
247,3.673430,,8.23333e-05
248,3.771803,,8.26667e-05
249,3.394698,,8.3e-05
250,3.682404,3.438012,8.33333e-05
251,3.820217,,8.36667e-05
252,3.447969,,8.4e-05
253,2.616920,,8.43333e-05
254,2.428236,,8.46667e-05
255,1.890766,,8.5e-05
256,2.640102,,8.53333e-05
257,2.876966,,8.56667e-05
258,2.560947,,8.6e-05
259,3.058031,,8.63333e-05
260,3.025589,,8.66667e-05
261,2.847012,,8.7e-05
262,3.375386,,8.73333e-05
263,3.086612,,8.76667e-05
264,3.049414,,8.8e-05
265,3.255786,,8.83333e-05
266,2.808820,,8.86667e-05
267,3.222502,,8.9e-05
268,3.649260,,8.93333e-05
269,3.079248,,8.96667e-05
270,3.635796,,9e-05
271,2.584304,,9.03333e-05
272,3.150146,,9.06667e-05
273,3.452860,,9.1e-05
274,3.226368,,9.13333e-05
275,3.255586,,9.16667e-05
276,3.497557,,9.2e-05
277,3.832494,,9.23333e-05
278,3.151536,,9.26667e-05
279,3.406395,,9.3e-05
280,3.616059,,9.33333e-05
281,3.111195,,9.36667e-05
282,2.835043,,9.4e-05
283,3.206760,,9.43333e-05
284,3.573201,,9.46667e-05
285,3.429769,,9.5e-05
286,3.099108,,9.53333e-05
287,3.365220,,9.56667e-05
288,2.745646,,9.6e-05
289,3.204199,,9.63333e-05
290,2.880698,,9.66667e-05
291,2.947186,,9.7e-05
292,3.126295,,9.73333e-05
293,3.463180,,9.76667e-05
294,2.443873,,9.8e-05
295,2.630178,,9.83333e-05
296,2.932529,,9.86667e-05
297,3.343365,,9.9e-05
298,3.594107,,9.93333e-05
299,3.558297,,9.96667e-05
300,3.320904,,0.0001
301,3.458447,,0.0001
302,3.039094,,0.0001
303,3.175656,,0.0001
304,3.189951,,0.0001
305,3.200489,,9.99999e-05
306,3.285485,,9.99999e-05
307,3.058152,,9.99999e-05
308,3.273325,,9.99998e-05
309,3.049653,,9.99998e-05
310,2.898771,,9.99997e-05
311,3.480222,,9.99997e-05
312,2.975384,,9.99996e-05
313,2.996043,,9.99996e-05
314,3.040380,,9.99995e-05
315,3.559076,,9.99994e-05
316,3.519043,,9.99993e-05
317,3.448364,,9.99992e-05
318,3.248538,,9.99992e-05
319,3.337609,,9.99991e-05
320,3.158410,,9.9999e-05
321,3.186731,,9.99988e-05
322,2.821241,,9.99987e-05
323,3.609398,,9.99986e-05
324,3.073872,,9.99985e-05
325,3.095663,,9.99984e-05
326,2.708359,,9.99982e-05
327,3.597076,,9.99981e-05
328,2.992278,,9.99979e-05
329,3.353035,,9.99978e-05
330,3.310802,,9.99976e-05
331,3.468767,,9.99975e-05
332,3.094028,,9.99973e-05
333,2.915127,,9.99971e-05
334,3.263046,,9.9997e-05
335,3.486841,,9.99968e-05
336,3.222707,,9.99966e-05
337,3.689096,,9.99964e-05
338,3.418088,,9.99962e-05
339,3.520845,,9.9996e-05
340,3.443194,,9.99958e-05
341,3.431404,,9.99956e-05
342,3.086535,,9.99954e-05
343,3.258613,,9.99952e-05
344,3.677201,,9.99949e-05
345,3.673199,,9.99947e-05
346,3.289413,,9.99945e-05
347,3.300089,,9.99942e-05
348,3.214591,,9.9994e-05
349,4.345717,,9.99937e-05
350,3.053010,,9.99934e-05
351,2.880573,,9.99932e-05
352,2.591326,,9.99929e-05
353,2.528428,,9.99926e-05
354,3.112941,,9.99924e-05
355,2.703159,,9.99921e-05
356,3.377194,,9.99918e-05
357,3.521678,,9.99915e-05
358,3.541186,,9.99912e-05
359,3.360561,,9.99909e-05
360,3.442863,,9.99906e-05
361,3.473405,,9.99902e-05
362,3.330806,,9.99899e-05
363,3.646913,,9.99896e-05
364,3.276592,,9.99893e-05
365,3.060238,,9.99889e-05
366,3.361526,,9.99886e-05
367,3.301852,,9.99882e-05
368,3.016402,,9.99879e-05
369,3.307734,,9.99875e-05
370,3.176328,,9.99872e-05
371,3.178801,,9.99868e-05
372,2.302835,,9.99864e-05
373,2.461410,,9.9986e-05
374,2.853604,,9.99856e-05
375,3.319466,,9.99852e-05
376,2.922494,,9.99849e-05
377,3.439068,,9.99845e-05
378,3.323465,,9.9984e-05
379,3.004408,,9.99836e-05
380,2.497178,,9.99832e-05
381,2.186143,,9.99828e-05
382,2.396314,,9.99824e-05
383,2.676410,,9.99819e-05
384,3.380068,,9.99815e-05
385,2.738503,,9.99811e-05
386,2.563056,,9.99806e-05
387,2.656989,,9.99802e-05
388,3.020819,,9.99797e-05
389,2.983718,,9.99792e-05
390,3.135231,,9.99788e-05
391,3.465887,,9.99783e-05
392,3.632336,,9.99778e-05
393,3.312387,,9.99773e-05
394,3.643324,,9.99768e-05
395,2.842479,,9.99763e-05
396,2.710615,,9.99758e-05
397,1.766955,,9.99753e-05
398,2.897722,,9.99748e-05
399,2.649721,,9.99743e-05
400,2.602232,,9.99738e-05
401,3.171527,,9.99733e-05
402,2.515853,,9.99727e-05
403,2.453202,,9.99722e-05
404,2.751969,,9.99716e-05
405,2.423441,,9.99711e-05
406,3.273770,,9.99705e-05
407,2.758809,,9.997e-05
408,3.101378,,9.99694e-05
409,2.893718,,9.99688e-05
410,3.305581,,9.99683e-05
411,2.609076,,9.99677e-05
412,3.178720,,9.99671e-05
413,2.867672,,9.99665e-05
414,3.520477,,9.99659e-05
415,3.357967,,9.99653e-05
416,3.232751,,9.99647e-05
417,2.962472,,9.99641e-05
418,3.289617,,9.99635e-05
419,3.273604,,9.99629e-05
420,3.308806,,9.99622e-05
421,3.370659,,9.99616e-05
422,3.891573,,9.9961e-05
423,3.502312,,9.99603e-05
424,3.193507,,9.99597e-05
425,3.469338,,9.9959e-05
426,3.518871,,9.99584e-05
427,2.937526,,9.99577e-05
428,3.117157,,9.9957e-05
429,2.980155,,9.99564e-05
430,3.664757,,9.99557e-05
431,3.125019,,9.9955e-05
432,3.362307,,9.99543e-05
433,3.516575,,9.99536e-05
434,3.396257,,9.99529e-05
435,3.148662,,9.99522e-05
436,3.001031,,9.99515e-05
437,3.192011,,9.99508e-05
438,3.067575,,9.99501e-05
439,2.811229,,9.99493e-05
440,3.144948,,9.99486e-05
441,3.283785,,9.99479e-05
442,3.656949,,9.99471e-05
443,3.182921,,9.99464e-05
444,3.505572,,9.99456e-05
445,3.534492,,9.99449e-05
446,3.842670,,9.99441e-05
447,3.363605,,9.99433e-05
448,3.275531,,9.99426e-05
449,3.097322,,9.99418e-05
450,3.072201,,9.9941e-05
451,3.078763,,9.99402e-05
452,3.101002,,9.99394e-05
453,3.222306,,9.99386e-05
454,3.181247,,9.99378e-05
455,3.202396,,9.9937e-05
456,2.938668,,9.99362e-05
457,3.289757,,9.99354e-05
458,3.577578,,9.99345e-05
459,3.052217,,9.99337e-05
460,3.466262,,9.99329e-05
461,3.680351,,9.9932e-05
462,3.113196,,9.99312e-05
463,3.272666,,9.99303e-05
464,2.837938,,9.99295e-05
465,3.134865,,9.99286e-05
466,2.609641,,9.99278e-05
467,2.823918,,9.99269e-05
468,3.256513,,9.9926e-05
469,3.412691,,9.99251e-05
470,2.501396,,9.99242e-05
471,2.746691,,9.99233e-05
472,3.274779,,9.99224e-05
473,3.070755,,9.99215e-05
474,2.910136,,9.99206e-05
475,3.474539,,9.99197e-05
476,2.877033,,9.99188e-05
477,3.222274,,9.99179e-05
478,3.000561,,9.99169e-05
479,3.119482,,9.9916e-05
480,3.282372,,9.99151e-05
481,3.008727,,9.99141e-05
482,4.045458,,9.99132e-05
483,3.466739,,9.99122e-05
484,3.225991,,9.99112e-05
485,3.515108,,9.99103e-05
486,3.331573,,9.99093e-05
487,4.213025,,9.99083e-05
488,3.905948,,9.99073e-05
489,3.472313,,9.99064e-05
490,3.478598,,9.99054e-05
491,3.904292,,9.99044e-05
492,3.498243,,9.99034e-05
493,3.627340,,9.99024e-05
494,3.542590,,9.99013e-05
495,3.730745,,9.99003e-05
496,3.294175,,9.98993e-05
497,3.119985,,9.98983e-05
498,3.325886,,9.98972e-05
499,3.031563,,9.98962e-05
500,3.443966,3.359822,9.98951e-05
501,3.187367,,9.98941e-05
502,3.456379,,9.9893e-05
503,3.364567,,9.9892e-05
504,3.022267,,9.98909e-05
505,2.135931,,9.98898e-05
506,1.874550,,9.98888e-05
507,2.172657,,9.98877e-05
508,2.486454,,9.98866e-05
509,2.407354,,9.98855e-05
510,2.476206,,9.98844e-05
511,2.832882,,9.98833e-05
512,2.640593,,9.98822e-05
513,2.168339,,9.98811e-05
514,2.369493,,9.988e-05
515,2.149075,,9.98788e-05
516,2.761347,,9.98777e-05
517,2.286636,,9.98766e-05
518,2.308645,,9.98754e-05
519,2.646064,,9.98743e-05
520,2.812878,,9.98731e-05
521,2.732011,,9.9872e-05
522,2.546191,,9.98708e-05
523,2.422252,,9.98696e-05
524,2.408260,,9.98685e-05
525,2.124365,,9.98673e-05
526,2.602949,,9.98661e-05
527,2.250701,,9.98649e-05
528,2.569526,,9.98637e-05
529,2.562311,,9.98625e-05
530,2.602418,,9.98613e-05
531,2.184265,,9.98601e-05
532,1.721227,,9.98589e-05
533,2.265684,,9.98577e-05
534,2.613298,,9.98565e-05
535,2.437499,,9.98552e-05
536,2.953496,,9.9854e-05
537,2.701027,,9.98528e-05
538,2.754394,,9.98515e-05
539,2.776141,,9.98503e-05
540,2.697465,,9.9849e-05
541,2.766475,,9.98478e-05
542,2.485046,,9.98465e-05
543,2.847512,,9.98452e-05
544,2.355947,,9.9844e-05
545,2.038291,,9.98427e-05
546,2.369867,,9.98414e-05
547,3.241060,,9.98401e-05
548,2.839721,,9.98388e-05
549,2.480196,,9.98375e-05
550,2.554673,,9.98362e-05
551,2.617050,,9.98349e-05
552,2.981541,,9.98336e-05
553,2.990164,,9.98322e-05
554,2.298859,,9.98309e-05
555,3.309708,,9.98296e-05
556,2.969265,,9.98282e-05
557,2.725175,,9.98269e-05
558,3.063165,,9.98255e-05
559,3.294297,,9.98242e-05
560,3.779982,,9.98228e-05
561,3.263280,,9.98215e-05
562,3.158339,,9.98201e-05
563,2.878256,,9.98187e-05
564,2.413688,,9.98173e-05
565,2.861990,,9.9816e-05
566,3.009484,,9.98146e-05
567,3.378752,,9.98132e-05
568,2.740033,,9.98118e-05
569,3.403843,,9.98104e-05
570,3.699537,,9.98089e-05
571,3.208466,,9.98075e-05
572,3.205553,,9.98061e-05
573,3.248236,,9.98047e-05
574,2.463834,,9.98033e-05
575,3.588383,,9.98018e-05
576,3.821870,,9.98004e-05
577,2.578711,,9.97989e-05
578,2.827060,,9.97975e-05
579,3.461085,,9.9796e-05
580,3.065867,,9.97945e-05
581,3.170936,,9.97931e-05
582,2.768291,,9.97916e-05
583,3.421742,,9.97901e-05
584,3.963814,,9.97886e-05
585,3.172893,,9.97871e-05
586,2.762964,,9.97857e-05
587,2.808179,,9.97842e-05
588,3.212218,,9.97826e-05
589,3.062599,,9.97811e-05
590,3.404398,,9.97796e-05
591,3.450875,,9.97781e-05
592,2.836984,,9.97766e-05
593,2.937884,,9.9775e-05
594,2.926731,,9.97735e-05
595,3.350091,,9.9772e-05
596,3.599059,,9.97704e-05
597,3.039783,,9.97689e-05
598,2.915120,,9.97673e-05
599,3.365450,,9.97657e-05
600,3.071912,,9.97642e-05
601,3.193585,,9.97626e-05
602,2.557744,,9.9761e-05
603,2.307031,,9.97594e-05
604,2.259390,,9.97578e-05
605,3.268049,,9.97563e-05
606,3.149910,,9.97547e-05
607,2.396179,,9.9753e-05
608,2.400954,,9.97514e-05
609,2.111333,,9.97498e-05
610,1.586167,,9.97482e-05
611,2.422733,,9.97466e-05
612,2.866033,,9.97449e-05
613,2.726189,,9.97433e-05
614,2.701129,,9.97417e-05
615,2.440053,,9.974e-05
616,2.528080,,9.97384e-05
617,3.020772,,9.97367e-05
618,2.933179,,9.9735e-05
619,2.824281,,9.97334e-05
620,3.365229,,9.97317e-05
621,3.036632,,9.973e-05
622,2.780017,,9.97283e-05
623,2.933123,,9.97267e-05
624,2.905084,,9.9725e-05
625,3.361789,,9.97233e-05
626,2.694633,,9.97216e-05
627,2.586409,,9.97199e-05
628,2.694163,,9.97181e-05
629,2.975328,,9.97164e-05
630,3.408415,,9.97147e-05
631,3.235490,,9.9713e-05
632,3.286191,,9.97112e-05
633,3.128988,,9.97095e-05
634,3.311999,,9.97077e-05
635,3.118072,,9.9706e-05
636,3.237275,,9.97042e-05
637,3.395013,,9.97025e-05
638,3.461425,,9.97007e-05
639,3.146913,,9.96989e-05
640,2.923469,,9.96972e-05
641,3.256772,,9.96954e-05
642,3.611567,,9.96936e-05
643,3.379179,,9.96918e-05
644,2.923516,,9.969e-05
645,2.391376,,9.96882e-05
646,3.246996,,9.96864e-05
647,3.143289,,9.96846e-05
648,3.076151,,9.96828e-05
649,3.018022,,9.96809e-05
650,3.465768,,9.96791e-05
651,3.397285,,9.96773e-05
652,2.491436,,9.96754e-05
653,3.307027,,9.96736e-05
654,3.397073,,9.96717e-05
655,3.250565,,9.96699e-05
656,3.689658,,9.9668e-05
657,2.960033,,9.96662e-05
658,3.210187,,9.96643e-05
659,3.167072,,9.96624e-05
660,3.409752,,9.96605e-05
661,3.272199,,9.96586e-05
662,3.240895,,9.96567e-05
663,3.204138,,9.96548e-05
664,3.048386,,9.96529e-05
665,3.256303,,9.9651e-05
666,3.499073,,9.96491e-05
667,3.322862,,9.96472e-05
668,2.724035,,9.96453e-05
669,2.442484,,9.96434e-05
670,2.779455,,9.96414e-05
671,2.994610,,9.96395e-05
672,2.931303,,9.96375e-05
673,2.945680,,9.96356e-05
674,2.955139,,9.96336e-05
675,2.801982,,9.96317e-05
676,2.603111,,9.96297e-05
677,2.622121,,9.96277e-05
678,3.131524,,9.96258e-05
679,3.145975,,9.96238e-05
680,2.677552,,9.96218e-05
681,2.847847,,9.96198e-05
682,2.662094,,9.96178e-05
683,2.609764,,9.96158e-05
684,2.868535,,9.96138e-05
685,3.306704,,9.96118e-05
686,2.991688,,9.96098e-05
687,2.699945,,9.96078e-05
688,2.643683,,9.96057e-05
689,3.274786,,9.96037e-05
690,3.312773,,9.96017e-05
691,3.561833,,9.95996e-05
692,3.381038,,9.95976e-05
693,3.222277,,9.95955e-05
694,3.669116,,9.95935e-05
695,3.161312,,9.95914e-05
696,2.332013,,9.95893e-05
697,2.493882,,9.95873e-05
698,3.025856,,9.95852e-05
699,3.477105,,9.95831e-05
700,2.793779,,9.9581e-05
701,3.088048,,9.95789e-05
702,3.332216,,9.95768e-05
703,3.550817,,9.95747e-05
704,3.435178,,9.95726e-05
705,3.610424,,9.95705e-05
706,3.208197,,9.95684e-05
707,3.137918,,9.95662e-05
708,3.458949,,9.95641e-05
709,3.610890,,9.9562e-05
710,3.231688,,9.95598e-05
711,3.280898,,9.95577e-05
712,3.032595,,9.95555e-05
713,3.532636,,9.95534e-05
714,2.736373,,9.95512e-05
715,3.248141,,9.9549e-05
716,2.587625,,9.95469e-05
717,3.073853,,9.95447e-05
718,3.580139,,9.95425e-05
719,4.019846,,9.95403e-05
720,3.745350,,9.95381e-05
721,2.879305,,9.95359e-05
722,2.953799,,9.95337e-05
723,2.625532,,9.95315e-05
724,2.760091,,9.95293e-05
725,2.330507,,9.95271e-05
726,2.838953,,9.95249e-05
727,2.648859,,9.95226e-05
728,3.078381,,9.95204e-05
729,2.905296,,9.95181e-05
730,2.633312,,9.95159e-05
731,2.394466,,9.95137e-05
732,2.945496,,9.95114e-05
733,2.645577,,9.95091e-05
734,2.745578,,9.95069e-05
735,2.720441,,9.95046e-05
736,2.474285,,9.95023e-05
737,2.330547,,9.95e-05
738,2.938832,,9.94978e-05
739,3.044352,,9.94955e-05
740,3.178397,,9.94932e-05
741,3.177384,,9.94909e-05
742,3.194642,,9.94886e-05
743,2.833566,,9.94862e-05
744,2.488823,,9.94839e-05
745,3.101486,,9.94816e-05
746,3.042506,,9.94793e-05
747,3.404820,,9.94769e-05
748,3.024015,,9.94746e-05
749,3.070725,,9.94723e-05
750,3.213475,3.297299,9.94699e-05
751,3.677310,,9.94676e-05
752,3.651038,,9.94652e-05
753,3.641023,,9.94628e-05
754,3.670115,,9.94605e-05
755,3.019123,,9.94581e-05
756,2.591768,,9.94557e-05
757,3.097194,,9.94533e-05
758,3.048863,,9.94509e-05
759,2.275021,,9.94485e-05
760,3.397346,,9.94461e-05
761,3.072989,,9.94437e-05
762,2.492142,,9.94413e-05
763,2.992111,,9.94389e-05
764,2.797169,,9.94365e-05
765,2.923863,,9.9434e-05
766,2.846462,,9.94316e-05
767,2.593119,,9.94292e-05
768,2.760226,,9.94267e-05
769,2.845681,,9.94243e-05
770,2.630123,,9.94218e-05
771,3.184301,,9.94194e-05
772,2.905949,,9.94169e-05
773,2.677204,,9.94144e-05
774,2.626302,,9.9412e-05
775,2.429117,,9.94095e-05
776,2.708405,,9.9407e-05
777,2.973919,,9.94045e-05
778,2.983587,,9.9402e-05
779,2.815477,,9.93995e-05
780,2.832325,,9.9397e-05
781,3.116021,,9.93945e-05
782,3.287408,,9.9392e-05
783,2.492387,,9.93895e-05
784,3.487979,,9.93869e-05
785,3.453351,,9.93844e-05
786,3.244333,,9.93819e-05
787,3.928348,,9.93793e-05
788,3.627736,,9.93768e-05
789,3.332613,,9.93742e-05
790,3.716165,,9.93717e-05
791,3.769877,,9.93691e-05
792,3.573201,,9.93666e-05
793,3.404807,,9.9364e-05
794,3.653995,,9.93614e-05
795,3.006663,,9.93588e-05
796,3.455127,,9.93562e-05
797,3.769114,,9.93536e-05
798,3.361469,,9.9351e-05
799,3.815629,,9.93484e-05
800,3.471273,,9.93458e-05
801,3.531393,,9.93432e-05
802,3.328798,,9.93406e-05
803,3.463763,,9.9338e-05
804,2.794460,,9.93354e-05
805,2.692806,,9.93327e-05
806,2.810665,,9.93301e-05
807,3.284348,,9.93274e-05
808,3.338924,,9.93248e-05
809,3.347233,,9.93221e-05
810,3.447685,,9.93195e-05
811,3.303634,,9.93168e-05
812,3.454393,,9.93141e-05
813,3.223265,,9.93115e-05
814,3.153716,,9.93088e-05
815,3.401065,,9.93061e-05
816,4.258660,,9.93034e-05
817,3.895150,,9.93007e-05
818,4.004189,,9.9298e-05
819,3.792402,,9.92953e-05
820,3.713894,,9.92926e-05
821,3.115651,,9.92899e-05
822,2.812053,,9.92871e-05
823,3.035433,,9.92844e-05
824,3.220718,,9.92817e-05
825,3.282238,,9.92789e-05
826,3.330710,,9.92762e-05
827,3.488465,,9.92735e-05
828,3.530744,,9.92707e-05
829,2.947296,,9.92679e-05
830,2.983181,,9.92652e-05
831,2.804381,,9.92624e-05
832,3.053814,,9.92596e-05
833,3.135260,,9.92569e-05
834,3.238637,,9.92541e-05
835,3.410497,,9.92513e-05
836,3.489534,,9.92485e-05
837,3.430470,,9.92457e-05
838,3.236522,,9.92429e-05
839,3.421135,,9.92401e-05
840,3.375830,,9.92373e-05
841,2.735323,,9.92344e-05
842,2.442328,,9.92316e-05
843,2.231252,,9.92288e-05
844,2.816538,,9.92259e-05
845,2.418560,,9.92231e-05
846,2.925930,,9.92203e-05
847,2.548552,,9.92174e-05
848,2.295343,,9.92146e-05
849,2.637812,,9.92117e-05
850,3.596043,,9.92088e-05
851,3.384926,,9.9206e-05
852,3.883332,,9.92031e-05
853,3.732880,,9.92002e-05
854,3.432947,,9.91973e-05
855,3.128188,,9.91944e-05
856,2.652767,,9.91915e-05
857,2.547609,,9.91886e-05
858,3.333703,,9.91857e-05
859,2.729539,,9.91828e-05
860,3.000256,,9.91799e-05
861,2.919329,,9.91769e-05
862,2.896716,,9.9174e-05
863,2.842590,,9.91711e-05
864,2.898187,,9.91681e-05
865,2.501397,,9.91652e-05
866,2.855653,,9.91623e-05
867,2.589903,,9.91593e-05
868,2.757465,,9.91563e-05
869,2.773956,,9.91534e-05
870,2.684120,,9.91504e-05
871,2.644120,,9.91474e-05
872,2.859441,,9.91444e-05
873,2.867337,,9.91415e-05
874,2.756026,,9.91385e-05
875,2.781944,,9.91355e-05
876,2.991075,,9.91325e-05
877,3.160203,,9.91295e-05
878,2.019200,,9.91265e-05
879,2.523316,,9.91234e-05
880,2.189132,,9.91204e-05
881,2.316226,,9.91174e-05
882,2.558480,,9.91144e-05
883,3.611635,,9.91113e-05
884,3.067004,,9.91083e-05
885,3.066402,,9.91052e-05
886,3.794044,,9.91022e-05
887,3.550880,,9.90991e-05
888,3.354060,,9.90961e-05
889,2.554065,,9.9093e-05
890,2.715390,,9.90899e-05
891,2.873811,,9.90868e-05
892,3.348803,,9.90838e-05
893,3.123599,,9.90807e-05
894,2.925755,,9.90776e-05
895,3.351835,,9.90745e-05
896,3.106330,,9.90714e-05
897,3.144020,,9.90683e-05
898,2.512460,,9.90652e-05
899,2.801038,,9.9062e-05
900,2.647509,,9.90589e-05
901,2.781523,,9.90558e-05
902,3.056278,,9.90526e-05
903,3.388690,,9.90495e-05
904,3.544076,,9.90464e-05
905,3.137092,,9.90432e-05
906,3.321146,,9.90401e-05
907,3.271438,,9.90369e-05
908,3.178036,,9.90337e-05
909,2.882582,,9.90306e-05
910,3.204025,,9.90274e-05
911,3.252364,,9.90242e-05
912,3.061336,,9.9021e-05
913,3.329356,,9.90178e-05
914,3.341616,,9.90146e-05
915,3.328937,,9.90114e-05
916,3.591242,,9.90082e-05
917,3.213617,,9.9005e-05
918,3.611134,,9.90018e-05
919,3.200167,,9.89986e-05
920,3.029029,,9.89953e-05
921,3.642232,,9.89921e-05
922,3.303036,,9.89889e-05
923,3.235953,,9.89856e-05
924,3.287987,,9.89824e-05
925,2.848406,,9.89791e-05
926,3.100192,,9.89759e-05
927,2.966106,,9.89726e-05
928,3.082241,,9.89693e-05
929,3.065491,,9.89661e-05
930,2.890508,,9.89628e-05
931,3.170722,,9.89595e-05
932,3.164129,,9.89562e-05
933,2.812148,,9.89529e-05
934,2.751006,,9.89496e-05
935,3.411981,,9.89463e-05
936,3.073454,,9.8943e-05
937,2.980950,,9.89397e-05
938,3.379139,,9.89364e-05
939,3.262651,,9.8933e-05
940,3.064469,,9.89297e-05
941,2.936676,,9.89264e-05
942,2.892100,,9.8923e-05
943,2.826667,,9.89197e-05
944,3.181909,,9.89163e-05
945,2.702024,,9.8913e-05
946,3.141703,,9.89096e-05
947,2.724217,,9.89063e-05
948,2.918715,,9.89029e-05
949,2.953675,,9.88995e-05
950,3.151268,,9.88961e-05
951,3.341861,,9.88927e-05
952,2.792676,,9.88894e-05
953,3.230116,,9.8886e-05
954,2.935391,,9.88826e-05
955,2.994757,,9.88791e-05
956,3.002500,,9.88757e-05
957,2.547612,,9.88723e-05
958,2.798422,,9.88689e-05
959,3.124522,,9.88655e-05
960,2.922847,,9.8862e-05
961,3.049743,,9.88586e-05
962,3.066446,,9.88552e-05
963,3.665502,,9.88517e-05
964,3.458161,,9.88483e-05
965,3.272728,,9.88448e-05
966,3.022014,,9.88413e-05
967,2.910385,,9.88379e-05
968,2.937217,,9.88344e-05
969,2.794026,,9.88309e-05
970,3.106468,,9.88274e-05
971,2.927451,,9.88239e-05
972,3.092910,,9.88204e-05
973,3.104876,,9.88169e-05
974,3.289045,,9.88134e-05
975,3.783549,,9.88099e-05
976,3.058440,,9.88064e-05
977,3.169405,,9.88029e-05
978,2.878317,,9.87994e-05
979,2.808640,,9.87958e-05
980,2.864120,,9.87923e-05
981,3.153116,,9.87888e-05
982,3.000810,,9.87852e-05
983,2.961993,,9.87817e-05
984,3.231317,,9.87781e-05
985,3.700591,,9.87746e-05
986,2.581495,,9.8771e-05
987,2.968946,,9.87674e-05
988,3.103721,,9.87638e-05
989,2.937777,,9.87603e-05
990,2.689523,,9.87567e-05
991,2.621612,,9.87531e-05
992,3.052279,,9.87495e-05
993,3.078643,,9.87459e-05
994,2.968159,,9.87423e-05
995,2.617485,,9.87387e-05
996,2.898824,,9.8735e-05
997,2.497780,,9.87314e-05
998,2.369936,,9.87278e-05
999,2.963821,,9.87242e-05
1000,2.466195,3.437539,9.87205e-05
1001,2.875794,,9.87169e-05
1002,3.259475,,9.87132e-05
1003,3.156514,,9.87096e-05
1004,2.965565,,9.87059e-05
1005,2.637472,,9.87023e-05
1006,2.708204,,9.86986e-05
1007,2.685589,,9.86949e-05
1008,2.679411,,9.86912e-05
1009,2.350114,,9.86876e-05
1010,2.315687,,9.86839e-05
1011,2.812408,,9.86802e-05
1012,3.494073,,9.86765e-05
1013,3.787527,,9.86728e-05
1014,3.183591,,9.86691e-05
1015,2.587092,,9.86654e-05
1016,2.785294,,9.86616e-05
1017,2.666802,,9.86579e-05
1018,3.646017,,9.86542e-05
1019,4.108575,,9.86504e-05
1020,3.852850,,9.86467e-05
1021,3.498327,,9.8643e-05
1022,3.882203,,9.86392e-05
1023,4.313385,,9.86355e-05
1024,3.163080,,9.86317e-05
1025,2.194978,,9.86279e-05
1026,2.998887,,9.86242e-05
1027,2.854223,,9.86204e-05
1028,2.591815,,9.86166e-05
1029,2.862868,,9.86128e-05
1030,2.869080,,9.8609e-05
1031,2.577836,,9.86052e-05
1032,2.465954,,9.86014e-05
1033,2.536905,,9.85976e-05
1034,2.443824,,9.85938e-05
1035,2.742608,,9.859e-05
1036,2.642831,,9.85862e-05
1037,2.108488,,9.85824e-05
1038,2.430233,,9.85785e-05
1039,2.347886,,9.85747e-05
1040,2.215391,,9.85708e-05
1041,1.961188,,9.8567e-05
1042,2.364567,,9.85631e-05
1043,2.472886,,9.85593e-05
1044,2.359966,,9.85554e-05
1045,2.444300,,9.85516e-05
1046,2.599647,,9.85477e-05
1047,3.029770,,9.85438e-05
1048,3.029773,,9.85399e-05
1049,2.775504,,9.8536e-05
1050,2.573905,,9.85321e-05
1051,3.186018,,9.85283e-05
1052,3.054194,,9.85243e-05
1053,2.898528,,9.85204e-05
1054,2.889225,,9.85165e-05
1055,2.783333,,9.85126e-05
1056,3.453097,,9.85087e-05
1057,2.915639,,9.85048e-05
1058,2.991861,,9.85008e-05
1059,2.464834,,9.84969e-05
1060,3.058203,,9.84929e-05
1061,2.747982,,9.8489e-05
1062,2.768537,,9.8485e-05
1063,2.856531,,9.84811e-05
1064,2.616777,,9.84771e-05
1065,2.833747,,9.84732e-05
1066,2.493249,,9.84692e-05
1067,2.569103,,9.84652e-05
1068,2.357331,,9.84612e-05
1069,2.481807,,9.84572e-05
1070,2.477777,,9.84532e-05
1071,2.642259,,9.84492e-05
1072,2.509542,,9.84452e-05
1073,2.367614,,9.84412e-05
1074,2.678083,,9.84372e-05
1075,2.625304,,9.84332e-05
1076,2.370338,,9.84292e-05
1077,2.139548,,9.84251e-05
1078,2.023357,,9.84211e-05
1079,2.592478,,9.84171e-05
1080,2.692054,,9.8413e-05
1081,2.572783,,9.8409e-05
1082,2.628311,,9.84049e-05
1083,2.575577,,9.84008e-05
1084,2.795432,,9.83968e-05
1085,2.343310,,9.83927e-05
1086,1.919130,,9.83886e-05
1087,2.204581,,9.83846e-05
1088,2.491454,,9.83805e-05
1089,3.439611,,9.83764e-05
1090,4.296121,,9.83723e-05
1091,4.254341,,9.83682e-05
1092,3.857423,,9.83641e-05
1093,3.102340,,9.836e-05
1094,3.429990,,9.83558e-05
1095,3.725288,,9.83517e-05
1096,3.588147,,9.83476e-05
1097,3.634675,,9.83435e-05
1098,3.831257,,9.83393e-05
1099,3.779378,,9.83352e-05
1100,4.039527,,9.8331e-05
1101,4.139904,,9.83269e-05
1102,4.053900,,9.83227e-05
1103,3.636225,,9.83186e-05
1104,3.667999,,9.83144e-05
1105,3.872641,,9.83102e-05
1106,3.714429,,9.83061e-05
1107,4.125877,,9.83019e-05
1108,3.990969,,9.82977e-05
1109,3.755177,,9.82935e-05
1110,3.881923,,9.82893e-05
1111,3.606603,,9.82851e-05
1112,3.953889,,9.82809e-05
1113,4.495033,,9.82767e-05
1114,4.363495,,9.82725e-05
1115,2.799381,,9.82682e-05
1116,3.127470,,9.8264e-05
1117,3.343104,,9.82598e-05
1118,3.710126,,9.82555e-05
1119,3.171998,,9.82513e-05
1120,2.408287,,9.8247e-05
1121,3.175217,,9.82428e-05
1122,3.480263,,9.82385e-05
1123,3.454219,,9.82343e-05
1124,2.837557,,9.823e-05
1125,3.264459,,9.82257e-05
1126,3.269567,,9.82215e-05
1127,3.148635,,9.82172e-05
1128,3.155580,,9.82129e-05
1129,3.133283,,9.82086e-05
1130,3.244495,,9.82043e-05
1131,3.447838,,9.82e-05
1132,3.101108,,9.81957e-05
1133,2.570508,,9.81914e-05
1134,3.219760,,9.8187e-05
1135,2.926864,,9.81827e-05
1136,3.095560,,9.81784e-05
1137,3.402741,,9.81741e-05
1138,3.176283,,9.81697e-05
1139,3.506122,,9.81654e-05
1140,2.959148,,9.8161e-05
1141,2.785337,,9.81567e-05
1142,3.107471,,9.81523e-05
1143,3.180823,,9.8148e-05
1144,2.798454,,9.81436e-05
1145,2.757238,,9.81392e-05
1146,3.299478,,9.81348e-05
1147,2.890986,,9.81304e-05
1148,2.281380,,9.81261e-05
1149,2.780729,,9.81217e-05
1150,3.016018,,9.81173e-05
1151,2.976082,,9.81129e-05
1152,2.917481,,9.81084e-05
1153,3.109516,,9.8104e-05
1154,2.878182,,9.80996e-05
1155,3.156300,,9.80952e-05
1156,2.961128,,9.80908e-05
1157,3.391524,,9.80863e-05
1158,3.029148,,9.80819e-05
1159,2.675691,,9.80774e-05
1160,2.911969,,9.8073e-05
1161,2.168910,,9.80685e-05
1162,2.836718,,9.80641e-05
1163,2.966567,,9.80596e-05
1164,2.938363,,9.80551e-05
1165,2.595426,,9.80507e-05
1166,2.441125,,9.80462e-05
1167,3.372319,,9.80417e-05
1168,3.486058,,9.80372e-05
1169,3.490534,,9.80327e-05
1170,3.078645,,9.80282e-05
1171,3.697815,,9.80237e-05
1172,2.356975,,9.80192e-05
1173,2.359262,,9.80147e-05
1174,2.447007,,9.80102e-05
1175,2.512619,,9.80056e-05
1176,2.285974,,9.80011e-05
1177,2.489774,,9.79966e-05
1178,2.491109,,9.7992e-05
1179,2.673964,,9.79875e-05
1180,2.406468,,9.79829e-05
1181,2.547419,,9.79784e-05
1182,2.634979,,9.79738e-05
1183,2.608441,,9.79693e-05
1184,2.868573,,9.79647e-05
1185,2.335417,,9.79601e-05
1186,2.264903,,9.79555e-05
1187,2.338469,,9.79509e-05
1188,2.754460,,9.79463e-05
1189,2.530432,,9.79418e-05
1190,2.391222,,9.79372e-05
1191,2.316112,,9.79325e-05
1192,2.463069,,9.79279e-05
1193,2.756940,,9.79233e-05
1194,2.093153,,9.79187e-05
1195,2.085173,,9.79141e-05
1196,2.808388,,9.79094e-05
1197,2.471625,,9.79048e-05
1198,2.542796,,9.79002e-05
1199,3.145650,,9.78955e-05
1200,3.069006,,9.78909e-05
1201,3.445579,,9.78862e-05
1202,3.221079,,9.78815e-05
1203,3.587198,,9.78769e-05
1204,3.582652,,9.78722e-05
1205,2.497303,,9.78675e-05
1206,3.299958,,9.78629e-05
1207,3.294430,,9.78582e-05
1208,3.123518,,9.78535e-05
1209,2.557680,,9.78488e-05
1210,3.037430,,9.78441e-05
1211,3.442672,,9.78394e-05
1212,3.182390,,9.78347e-05
1213,2.995612,,9.78299e-05
1214,3.462363,,9.78252e-05
1215,3.307945,,9.78205e-05
1216,3.586106,,9.78158e-05
1217,3.596899,,9.7811e-05
1218,3.100572,,9.78063e-05
1219,2.582494,,9.78015e-05
1220,2.426930,,9.77968e-05
1221,2.560035,,9.7792e-05
1222,2.590178,,9.77873e-05
1223,2.581503,,9.77825e-05
1224,2.674645,,9.77777e-05
1225,2.775090,,9.7773e-05
1226,2.384027,,9.77682e-05
1227,3.097083,,9.77634e-05
1228,3.092008,,9.77586e-05
1229,2.613560,,9.77538e-05
1230,3.182467,,9.7749e-05
1231,2.915676,,9.77442e-05
1232,2.623797,,9.77394e-05
1233,2.119536,,9.77346e-05
1234,3.424302,,9.77297e-05
1235,3.065600,,9.77249e-05
1236,1.983727,,9.77201e-05
1237,1.608208,,9.77152e-05
1238,1.225239,,9.77104e-05
1239,1.765791,,9.77056e-05
1240,2.464660,,9.77007e-05
1241,2.733768,,9.76958e-05
1242,2.657797,,9.7691e-05
1243,2.711178,,9.76861e-05
1244,3.263844,,9.76812e-05
1245,2.980595,,9.76764e-05
1246,3.516098,,9.76715e-05
1247,2.942433,,9.76666e-05
1248,3.220072,,9.76617e-05
1249,2.419297,,9.76568e-05
1250,2.433737,3.267516,9.76519e-05
1251,2.957417,,9.7647e-05
1252,3.032313,,9.76421e-05
1253,2.774774,,9.76372e-05
1254,2.712164,,9.76323e-05
1255,2.947206,,9.76273e-05
1256,2.501493,,9.76224e-05
1257,2.675137,,9.76175e-05
1258,2.565270,,9.76125e-05
1259,2.154161,,9.76076e-05
1260,2.672998,,9.76026e-05
1261,2.654265,,9.75977e-05
1262,2.219452,,9.75927e-05
1263,2.402928,,9.75877e-05
1264,2.848424,,9.75828e-05
1265,2.586806,,9.75778e-05
1266,2.735178,,9.75728e-05
1267,3.018548,,9.75678e-05
1268,2.878561,,9.75628e-05
1269,2.840412,,9.75578e-05
1270,2.855077,,9.75528e-05
1271,2.774135,,9.75478e-05
1272,2.492067,,9.75428e-05
1273,2.627207,,9.75378e-05
1274,2.642701,,9.75328e-05
1275,2.336498,,9.75277e-05
1276,2.822057,,9.75227e-05
1277,2.980331,,9.75177e-05
1278,2.660624,,9.75126e-05
1279,2.517382,,9.75076e-05
1280,1.979506,,9.75025e-05
1281,2.120575,,9.74975e-05
1282,3.226522,,9.74924e-05
1283,2.663187,,9.74874e-05
1284,2.573981,,9.74823e-05
1285,3.031983,,9.74772e-05
1286,2.582934,,9.74721e-05
1287,2.703547,,9.7467e-05
1288,3.180389,,9.74619e-05
1289,3.053057,,9.74568e-05
1290,3.162013,,9.74517e-05
1291,2.961406,,9.74466e-05
1292,2.979092,,9.74415e-05
1293,2.849195,,9.74364e-05
1294,2.501374,,9.74313e-05
1295,2.733828,,9.74262e-05
1296,2.669418,,9.7421e-05
1297,2.714002,,9.74159e-05
1298,3.049114,,9.74108e-05
1299,2.873456,,9.74056e-05
1300,2.754723,,9.74005e-05
1301,1.821926,,9.73953e-05
1302,2.058817,,9.73901e-05
1303,2.373851,,9.7385e-05
1304,2.490325,,9.73798e-05
1305,2.725122,,9.73746e-05
1306,3.296247,,9.73694e-05
1307,2.946997,,9.73643e-05
1308,2.953116,,9.73591e-05
1309,2.994529,,9.73539e-05
1310,3.524112,,9.73487e-05
1311,3.594226,,9.73435e-05
1312,3.369310,,9.73383e-05
1313,3.295605,,9.7333e-05
1314,3.035233,,9.73278e-05
1315,3.328320,,9.73226e-05
1316,3.268833,,9.73174e-05
1317,3.161295,,9.73121e-05
1318,3.562744,,9.73069e-05
1319,3.437140,,9.73016e-05
1320,3.593057,,9.72964e-05
1321,3.229780,,9.72911e-05
1322,3.680425,,9.72859e-05
1323,3.666861,,9.72806e-05
1324,3.036970,,9.72753e-05
1325,3.060860,,9.72701e-05
1326,3.393736,,9.72648e-05
1327,3.350811,,9.72595e-05
1328,3.306184,,9.72542e-05
1329,3.258276,,9.72489e-05
1330,3.147920,,9.72436e-05
1331,3.362021,,9.72383e-05
1332,3.300844,,9.7233e-05
1333,2.925828,,9.72277e-05
1334,3.372010,,9.72224e-05
1335,3.360174,,9.7217e-05
1336,3.084260,,9.72117e-05
1337,3.123259,,9.72064e-05
1338,3.410659,,9.7201e-05
1339,2.775385,,9.71957e-05
1340,3.025048,,9.71903e-05
1341,3.187368,,9.7185e-05
1342,3.156155,,9.71796e-05
1343,3.103773,,9.71743e-05
1344,2.911180,,9.71689e-05
1345,1.849368,,9.71635e-05
1346,2.134256,,9.71581e-05
1347,2.530398,,9.71528e-05
1348,2.269223,,9.71474e-05
1349,2.458095,,9.7142e-05
1350,2.610148,,9.71366e-05
1351,2.747440,,9.71312e-05
1352,2.790205,,9.71258e-05
1353,2.780380,,9.71204e-05
1354,3.123048,,9.71149e-05
1355,3.288545,,9.71095e-05
1356,2.384187,,9.71041e-05
1357,2.937962,,9.70986e-05
1358,3.319533,,9.70932e-05
1359,3.149821,,9.70878e-05
1360,2.246091,,9.70823e-05
1361,3.223610,,9.70769e-05
1362,3.181088,,9.70714e-05
1363,3.098340,,9.70659e-05
1364,2.806716,,9.70605e-05
1365,2.899929,,9.7055e-05
1366,2.836605,,9.70495e-05
1367,2.829345,,9.7044e-05
1368,2.653252,,9.70386e-05
1369,3.102827,,9.70331e-05
1370,3.059108,,9.70276e-05
1371,3.151914,,9.70221e-05
1372,3.262634,,9.70165e-05
1373,2.955796,,9.7011e-05
1374,3.183887,,9.70055e-05
1375,2.690207,,9.7e-05
1376,3.149411,,9.69945e-05
1377,2.660307,,9.69889e-05
1378,3.062472,,9.69834e-05
1379,3.177629,,9.69779e-05
1380,3.134608,,9.69723e-05
1381,3.325072,,9.69668e-05
1382,2.848464,,9.69612e-05
1383,3.279626,,9.69556e-05
1384,3.397410,,9.69501e-05
1385,2.890407,,9.69445e-05
1386,3.408397,,9.69389e-05
1387,2.773864,,9.69333e-05
1388,3.051030,,9.69278e-05
1389,3.015167,,9.69222e-05
1390,3.398405,,9.69166e-05
1391,3.177040,,9.6911e-05
1392,2.809529,,9.69054e-05
1393,2.740593,,9.68998e-05
1394,2.894280,,9.68941e-05
1395,3.165176,,9.68885e-05
1396,2.891911,,9.68829e-05
1397,2.770972,,9.68773e-05
1398,2.966210,,9.68716e-05
1399,2.805772,,9.6866e-05
1400,3.176489,,9.68603e-05
1401,2.892581,,9.68547e-05
1402,2.631459,,9.6849e-05
1403,3.145304,,9.68434e-05
1404,2.863277,,9.68377e-05
1405,2.771045,,9.6832e-05
1406,2.762570,,9.68264e-05
1407,3.232540,,9.68207e-05
1408,2.974843,,9.6815e-05
1409,3.316926,,9.68093e-05
1410,3.358407,,9.68036e-05
1411,3.180427,,9.67979e-05
1412,3.253363,,9.67922e-05
1413,3.056076,,9.67865e-05
1414,2.595419,,9.67808e-05
1415,3.067640,,9.67751e-05
1416,2.684139,,9.67693e-05
1417,2.993313,,9.67636e-05
1418,3.180540,,9.67579e-05
1419,3.479556,,9.67521e-05
1420,3.227002,,9.67464e-05
1421,2.832580,,9.67406e-05
1422,3.268097,,9.67349e-05
1423,3.387565,,9.67291e-05
1424,3.134109,,9.67234e-05
1425,3.287615,,9.67176e-05
1426,4.111379,,9.67118e-05
1427,2.855607,,9.67061e-05
1428,2.714710,,9.67003e-05
1429,3.155472,,9.66945e-05
1430,2.659392,,9.66887e-05
1431,2.892006,,9.66829e-05
1432,3.036930,,9.66771e-05
1433,2.827903,,9.66713e-05
1434,3.028994,,9.66655e-05
1435,2.932868,,9.66596e-05
1436,3.520078,,9.66538e-05
1437,3.174661,,9.6648e-05
1438,2.841202,,9.66422e-05
1439,3.155530,,9.66363e-05
1440,3.327804,,9.66305e-05
1441,3.210392,,9.66246e-05
1442,3.777096,,9.66188e-05
1443,3.158199,,9.66129e-05
1444,2.719275,,9.66071e-05
1445,2.411331,,9.66012e-05
1446,2.836419,,9.65953e-05
1447,3.269238,,9.65895e-05
1448,3.140714,,9.65836e-05
1449,2.851008,,9.65777e-05
1450,3.113262,,9.65718e-05
1451,3.069049,,9.65659e-05
1452,3.164520,,9.656e-05
1453,2.930609,,9.65541e-05
1454,2.887287,,9.65482e-05
1455,2.532418,,9.65423e-05
1456,2.734207,,9.65364e-05
1457,2.588195,,9.65304e-05
1458,2.514325,,9.65245e-05
1459,2.279021,,9.65186e-05
1460,2.607522,,9.65126e-05
1461,2.519632,,9.65067e-05
1462,2.480951,,9.65007e-05
1463,2.678375,,9.64948e-05
1464,3.127619,,9.64888e-05
1465,2.911804,,9.64829e-05
1466,3.079211,,9.64769e-05
1467,3.352849,,9.64709e-05
1468,2.716378,,9.64649e-05
1469,2.822574,,9.6459e-05
1470,3.608144,,9.6453e-05
1471,3.625799,,9.6447e-05
1472,3.752162,,9.6441e-05
1473,2.740594,,9.6435e-05
1474,2.730948,,9.6429e-05
1475,3.501004,,9.6423e-05
1476,3.725472,,9.64169e-05
1477,3.177083,,9.64109e-05
1478,3.062174,,9.64049e-05
1479,2.837462,,9.63989e-05
1480,3.766523,,9.63928e-05
1481,3.241257,,9.63868e-05
1482,3.660024,,9.63807e-05
1483,3.245242,,9.63747e-05
1484,2.834753,,9.63686e-05
1485,3.062114,,9.63626e-05
1486,2.890981,,9.63565e-05
1487,2.704200,,9.63504e-05
1488,3.038904,,9.63443e-05
1489,2.445334,,9.63383e-05
1490,2.845640,,9.63322e-05
1491,2.994916,,9.63261e-05
1492,3.510368,,9.632e-05
1493,3.530159,,9.63139e-05
1494,3.424598,,9.63078e-05
1495,3.206595,,9.63017e-05
1496,3.843834,,9.62956e-05
1497,3.917961,,9.62894e-05
1498,3.559019,,9.62833e-05
1499,3.196356,,9.62772e-05
1500,3.484675,3.277071,9.62711e-05
1501,3.960449,,9.62649e-05
1502,3.934883,,9.62588e-05
1503,3.280733,,9.62526e-05
1504,3.596318,,9.62465e-05
1505,3.405457,,9.62403e-05
1506,3.007665,,9.62342e-05
1507,2.814418,,9.6228e-05
1508,3.401250,,9.62218e-05
1509,4.075739,,9.62156e-05
1510,4.155248,,9.62095e-05
1511,2.240838,,9.62033e-05
1512,3.134673,,9.61971e-05
1513,3.850111,,9.61909e-05
1514,3.620078,,9.61847e-05
1515,3.072146,,9.61785e-05
1516,3.220434,,9.61723e-05
1517,3.488077,,9.6166e-05
1518,3.734932,,9.61598e-05
1519,3.916990,,9.61536e-05
1520,4.254934,,9.61474e-05
1521,3.224285,,9.61411e-05
1522,3.447369,,9.61349e-05
1523,3.261352,,9.61286e-05
1524,3.844938,,9.61224e-05
1525,3.807942,,9.61161e-05
1526,3.510578,,9.61099e-05
1527,3.689337,,9.61036e-05
1528,3.291586,,9.60973e-05
1529,3.653124,,9.60911e-05
1530,3.551337,,9.60848e-05
1531,3.244095,,9.60785e-05
1532,3.345029,,9.60722e-05
1533,3.495973,,9.60659e-05
1534,3.351279,,9.60596e-05
1535,4.013742,,9.60533e-05
1536,3.869498,,9.6047e-05
1537,4.060674,,9.60407e-05
1538,3.613571,,9.60344e-05
1539,3.442370,,9.60281e-05
1540,3.600940,,9.60217e-05
1541,3.533715,,9.60154e-05
1542,3.983192,,9.60091e-05
1543,3.961022,,9.60027e-05
1544,3.857383,,9.59964e-05
1545,3.555633,,9.599e-05
1546,3.714848,,9.59837e-05
1547,3.586231,,9.59773e-05
1548,3.872631,,9.59709e-05
1549,3.728158,,9.59646e-05
1550,3.653730,,9.59582e-05
1551,3.710479,,9.59518e-05
1552,2.951924,,9.59454e-05
1553,2.877543,,9.5939e-05
1554,3.188961,,9.59326e-05
1555,2.530237,,9.59262e-05
1556,2.406772,,9.59198e-05
1557,2.135889,,9.59134e-05
1558,3.814780,,9.5907e-05
1559,2.347552,,9.59006e-05
1560,2.767138,,9.58942e-05
1561,2.445001,,9.58877e-05
1562,2.885061,,9.58813e-05
1563,2.862251,,9.58749e-05
1564,2.271077,,9.58684e-05
1565,2.613590,,9.5862e-05
1566,2.604217,,9.58555e-05
1567,2.531608,,9.58491e-05
1568,2.393020,,9.58426e-05
1569,2.700742,,9.58361e-05
1570,2.907721,,9.58297e-05
1571,2.800093,,9.58232e-05
1572,2.955971,,9.58167e-05
1573,3.015751,,9.58102e-05
1574,2.713525,,9.58037e-05
1575,2.835191,,9.57972e-05
1576,3.138371,,9.57907e-05
1577,3.032790,,9.57842e-05
1578,2.853564,,9.57777e-05
1579,2.499454,,9.57712e-05
1580,2.636073,,9.57647e-05
1581,3.707887,,9.57581e-05
1582,2.428767,,9.57516e-05
1583,2.621235,,9.57451e-05
1584,3.026987,,9.57385e-05
1585,3.336484,,9.5732e-05
1586,2.858770,,9.57254e-05
1587,2.527398,,9.57189e-05
1588,2.393677,,9.57123e-05
1589,2.831908,,9.57058e-05
1590,2.931793,,9.56992e-05
1591,2.835188,,9.56926e-05
1592,2.615044,,9.56861e-05
1593,2.700556,,9.56795e-05
1594,2.786552,,9.56729e-05
1595,3.062655,,9.56663e-05
1596,2.692660,,9.56597e-05
1597,2.888591,,9.56531e-05
1598,2.316984,,9.56465e-05
1599,2.843070,,9.56399e-05
1600,2.712826,,9.56333e-05
1601,3.062127,,9.56266e-05
1602,2.938946,,9.562e-05
1603,2.443329,,9.56134e-05
1604,2.765944,,9.56067e-05
1605,2.429720,,9.56001e-05
1606,2.379602,,9.55935e-05
1607,2.618714,,9.55868e-05
1608,2.200769,,9.55802e-05
1609,2.563320,,9.55735e-05
1610,2.585632,,9.55668e-05
1611,2.744547,,9.55602e-05
1612,2.619875,,9.55535e-05
1613,3.372894,,9.55468e-05
1614,3.164934,,9.55401e-05
1615,3.530626,,9.55334e-05
1616,3.590124,,9.55267e-05
1617,3.494541,,9.552e-05
1618,2.358769,,9.55133e-05
1619,1.303264,,9.55066e-05
1620,1.807783,,9.54999e-05
1621,2.648412,,9.54932e-05
1622,2.857555,,9.54865e-05
1623,2.956870,,9.54798e-05
1624,2.982683,,9.5473e-05
1625,2.968533,,9.54663e-05
1626,2.703948,,9.54596e-05
1627,2.768888,,9.54528e-05
1628,3.576689,,9.54461e-05
1629,3.329725,,9.54393e-05
1630,2.417092,,9.54325e-05
1631,2.712993,,9.54258e-05
1632,3.911095,,9.5419e-05
1633,3.351055,,9.54122e-05
1634,2.671870,,9.54055e-05
1635,3.977350,,9.53987e-05
1636,3.503970,,9.53919e-05
1637,4.045197,,9.53851e-05
1638,3.566366,,9.53783e-05
1639,3.530625,,9.53715e-05
1640,3.363885,,9.53647e-05
1641,3.657639,,9.53579e-05
1642,3.643034,,9.53511e-05
1643,2.971714,,9.53442e-05
1644,3.607767,,9.53374e-05
1645,3.685310,,9.53306e-05
1646,3.536944,,9.53238e-05
1647,3.615779,,9.53169e-05
1648,3.740980,,9.53101e-05
1649,2.922434,,9.53032e-05
1650,3.319518,,9.52964e-05
1651,2.749976,,9.52895e-05
1652,3.004145,,9.52826e-05
1653,3.173451,,9.52758e-05
1654,3.257057,,9.52689e-05
1655,3.093228,,9.5262e-05
1656,2.874334,,9.52551e-05
1657,3.283853,,9.52482e-05
1658,3.430995,,9.52414e-05
1659,3.589397,,9.52345e-05
1660,3.140300,,9.52276e-05
1661,2.912405,,9.52206e-05
1662,3.303001,,9.52137e-05
1663,2.874132,,9.52068e-05
1664,3.078635,,9.51999e-05
1665,3.376829,,9.5193e-05
1666,3.246582,,9.5186e-05
1667,3.311927,,9.51791e-05
1668,3.277423,,9.51722e-05
1669,3.732385,,9.51652e-05
1670,3.748123,,9.51583e-05
1671,3.890599,,9.51513e-05
1672,3.313235,,9.51444e-05
1673,2.789559,,9.51374e-05
1674,2.873613,,9.51304e-05
1675,3.333126,,9.51235e-05
1676,3.467660,,9.51165e-05
1677,3.936626,,9.51095e-05
1678,3.272966,,9.51025e-05
1679,3.321691,,9.50955e-05
1680,3.123763,,9.50885e-05
1681,3.013101,,9.50815e-05
1682,3.330827,,9.50745e-05
1683,3.062323,,9.50675e-05
1684,2.886289,,9.50605e-05
1685,3.594296,,9.50535e-05
1686,3.282487,,9.50464e-05
1687,3.420757,,9.50394e-05
1688,3.531759,,9.50324e-05
1689,3.284327,,9.50253e-05
1690,2.804861,,9.50183e-05
1691,2.972634,,9.50112e-05
1692,3.194278,,9.50042e-05
1693,3.213350,,9.49971e-05
1694,3.458596,,9.49901e-05
1695,2.960733,,9.4983e-05
1696,2.809135,,9.49759e-05
1697,3.499445,,9.49688e-05
1698,3.676919,,9.49618e-05
1699,2.782257,,9.49547e-05
1700,2.972328,,9.49476e-05
1701,3.699936,,9.49405e-05
1702,2.278712,,9.49334e-05
1703,2.724653,,9.49263e-05
1704,2.496791,,9.49192e-05
1705,2.896810,,9.49121e-05
1706,2.333555,,9.49049e-05
1707,2.758545,,9.48978e-05
1708,2.908685,,9.48907e-05
1709,3.153344,,9.48836e-05
1710,2.632732,,9.48764e-05
1711,1.857614,,9.48693e-05
1712,3.002345,,9.48621e-05
1713,3.159894,,9.4855e-05
1714,3.491250,,9.48478e-05
1715,3.326283,,9.48407e-05
1716,3.544662,,9.48335e-05
1717,3.806454,,9.48263e-05
1718,3.775587,,9.48191e-05
1719,3.434901,,9.4812e-05
1720,2.681242,,9.48048e-05
1721,3.518116,,9.47976e-05
1722,3.232973,,9.47904e-05
1723,2.664031,,9.47832e-05
1724,2.744156,,9.4776e-05
1725,3.704113,,9.47688e-05
1726,3.629166,,9.47616e-05
1727,3.275432,,9.47543e-05
1728,3.007358,,9.47471e-05
1729,2.692083,,9.47399e-05
1730,3.045260,,9.47327e-05
1731,3.264426,,9.47254e-05
1732,2.422005,,9.47182e-05
1733,2.974074,,9.47109e-05
1734,2.105933,,9.47037e-05
1735,2.591799,,9.46964e-05
1736,3.238530,,9.46892e-05
1737,3.162938,,9.46819e-05
1738,3.104004,,9.46746e-05
1739,3.038952,,9.46674e-05
1740,3.040040,,9.46601e-05
1741,2.688062,,9.46528e-05
1742,2.508974,,9.46455e-05
1743,3.168941,,9.46382e-05
1744,3.143950,,9.46309e-05
1745,2.658391,,9.46236e-05
1746,2.785881,,9.46163e-05
1747,2.751293,,9.4609e-05
1748,2.514375,,9.46017e-05
1749,2.980281,,9.45944e-05
1750,2.798476,3.329439,9.4587e-05
1751,2.701723,,9.45797e-05
1752,3.103352,,9.45724e-05
1753,2.119794,,9.4565e-05
1754,2.227548,,9.45577e-05
1755,2.876236,,9.45503e-05
1756,2.330688,,9.4543e-05
1757,2.511957,,9.45356e-05
1758,2.343958,,9.45282e-05
1759,2.768053,,9.45209e-05
1760,2.858966,,9.45135e-05
1761,2.587410,,9.45061e-05
1762,3.065330,,9.44987e-05
1763,3.338732,,9.44914e-05
1764,3.159269,,9.4484e-05
1765,2.997232,,9.44766e-05
1766,2.634746,,9.44692e-05
1767,3.089418,,9.44618e-05
1768,2.307591,,9.44544e-05
1769,2.642634,,9.44469e-05
1770,2.059747,,9.44395e-05
1771,2.333103,,9.44321e-05
1772,1.937388,,9.44247e-05
1773,2.788329,,9.44172e-05
1774,2.041944,,9.44098e-05
1775,1.842209,,9.44024e-05
1776,1.793803,,9.43949e-05
1777,2.427361,,9.43875e-05
1778,2.350290,,9.438e-05
1779,3.442279,,9.43725e-05
1780,2.813083,,9.43651e-05
1781,2.888836,,9.43576e-05
1782,2.646455,,9.43501e-05
1783,2.903893,,9.43426e-05
1784,2.357913,,9.43352e-05
1785,2.831662,,9.43277e-05
1786,3.120991,,9.43202e-05
1787,3.045175,,9.43127e-05
1788,2.789500,,9.43052e-05
1789,2.551928,,9.42977e-05
1790,3.344597,,9.42902e-05
1791,2.962265,,9.42826e-05
1792,2.905274,,9.42751e-05
1793,3.266593,,9.42676e-05
1794,3.630738,,9.42601e-05
1795,3.265100,,9.42525e-05
1796,3.460624,,9.4245e-05
1797,3.474814,,9.42374e-05
1798,4.035080,,9.42299e-05
1799,3.556884,,9.42223e-05
1800,3.387814,,9.42148e-05
1801,3.029579,,9.42072e-05
1802,3.394367,,9.41996e-05
1803,3.631619,,9.41921e-05
1804,3.507856,,9.41845e-05
1805,3.700434,,9.41769e-05
1806,3.136753,,9.41693e-05
1807,3.435247,,9.41617e-05
1808,3.447219,,9.41541e-05
1809,3.460778,,9.41465e-05
1810,3.764586,,9.41389e-05
1811,3.548231,,9.41313e-05
1812,3.679192,,9.41237e-05
1813,3.395730,,9.41161e-05
1814,3.584103,,9.41085e-05
1815,3.911886,,9.41008e-05
1816,3.677615,,9.40932e-05
1817,3.484704,,9.40856e-05
1818,2.976920,,9.40779e-05
1819,3.521464,,9.40703e-05
1820,3.144555,,9.40626e-05
1821,3.578214,,9.4055e-05
1822,3.311690,,9.40473e-05
1823,3.766631,,9.40396e-05
1824,3.380636,,9.4032e-05
1825,3.601006,,9.40243e-05
1826,3.699955,,9.40166e-05
1827,3.562587,,9.40089e-05
1828,2.717840,,9.40012e-05
1829,3.246455,,9.39935e-05
1830,3.153641,,9.39859e-05
1831,3.794106,,9.39781e-05
1832,3.520221,,9.39704e-05
1833,2.646882,,9.39627e-05
1834,2.529866,,9.3955e-05
1835,2.508372,,9.39473e-05
1836,2.807009,,9.39396e-05
1837,3.246354,,9.39318e-05
1838,2.968756,,9.39241e-05
1839,2.647733,,9.39164e-05
1840,3.062981,,9.39086e-05
1841,2.672893,,9.39009e-05
1842,2.725039,,9.38931e-05
1843,2.806121,,9.38854e-05
1844,2.869313,,9.38776e-05
1845,2.759158,,9.38698e-05
1846,2.929275,,9.38621e-05
1847,3.214590,,9.38543e-05
1848,2.847785,,9.38465e-05
1849,3.271619,,9.38387e-05
1850,2.895155,,9.38309e-05
1851,2.552320,,9.38231e-05
1852,3.386762,,9.38153e-05
1853,2.788762,,9.38075e-05
1854,3.182747,,9.37997e-05
1855,2.767345,,9.37919e-05
1856,2.555747,,9.37841e-05
1857,2.795652,,9.37763e-05
1858,3.435112,,9.37684e-05
1859,2.962931,,9.37606e-05
1860,2.745286,,9.37528e-05
1861,3.358328,,9.37449e-05
1862,2.641435,,9.37371e-05
1863,3.555867,,9.37292e-05
1864,4.117127,,9.37214e-05
1865,3.365599,,9.37135e-05
1866,3.495909,,9.37057e-05
1867,3.018168,,9.36978e-05
1868,3.075179,,9.36899e-05
1869,3.690198,,9.3682e-05
1870,3.211106,,9.36742e-05
1871,2.960747,,9.36663e-05
1872,2.986268,,9.36584e-05
1873,3.047586,,9.36505e-05
1874,2.583488,,9.36426e-05
1875,2.796689,,9.36347e-05
1876,3.512401,,9.36268e-05
1877,3.345388,,9.36189e-05
1878,3.108550,,9.36109e-05
1879,3.335213,,9.3603e-05
1880,3.460135,,9.35951e-05
1881,3.502016,,9.35872e-05
1882,3.909202,,9.35792e-05
1883,3.564316,,9.35713e-05
1884,3.757921,,9.35633e-05
1885,3.711445,,9.35554e-05
1886,3.261929,,9.35474e-05
1887,3.402965,,9.35395e-05
1888,3.109197,,9.35315e-05
1889,3.553697,,9.35235e-05
1890,3.687632,,9.35156e-05
1891,3.057434,,9.35076e-05
1892,2.946163,,9.34996e-05
1893,4.122448,,9.34916e-05
1894,4.011552,,9.34836e-05
1895,2.821980,,9.34756e-05
1896,2.871753,,9.34676e-05
1897,2.915634,,9.34596e-05
1898,2.508239,,9.34516e-05
1899,2.721645,,9.34436e-05
1900,2.751309,,9.34356e-05
1901,2.537144,,9.34276e-05
1902,2.890509,,9.34195e-05
1903,2.704143,,9.34115e-05
1904,3.176433,,9.34035e-05
1905,2.882580,,9.33954e-05
1906,3.504850,,9.33874e-05
1907,3.136807,,9.33793e-05
1908,3.223791,,9.33713e-05
1909,2.785821,,9.33632e-05
1910,3.185655,,9.33551e-05
1911,3.391294,,9.33471e-05
1912,2.878400,,9.3339e-05
1913,3.253946,,9.33309e-05
1914,2.684856,,9.33228e-05
1915,1.581239,,9.33148e-05
1916,2.357114,,9.33067e-05
1917,2.239270,,9.32986e-05
1918,2.615015,,9.32905e-05
1919,2.712431,,9.32824e-05
1920,2.616601,,9.32743e-05
1921,2.426200,,9.32661e-05
1922,2.816299,,9.3258e-05
1923,2.600358,,9.32499e-05
1924,3.286410,,9.32418e-05
1925,2.946361,,9.32336e-05
1926,2.831887,,9.32255e-05
1927,2.814358,,9.32174e-05
1928,3.640712,,9.32092e-05
1929,3.265817,,9.32011e-05
1930,2.706486,,9.31929e-05
1931,2.744287,,9.31847e-05
1932,2.740636,,9.31766e-05
1933,2.734087,,9.31684e-05
1934,3.265791,,9.31602e-05
1935,3.783673,,9.31521e-05
1936,3.322387,,9.31439e-05
1937,3.791829,,9.31357e-05
1938,3.448010,,9.31275e-05
1939,2.078774,,9.31193e-05
1940,2.513280,,9.31111e-05
1941,2.875177,,9.31029e-05
1942,2.999063,,9.30947e-05
1943,2.860708,,9.30865e-05
1944,3.554206,,9.30783e-05
1945,3.009357,,9.307e-05
1946,3.569924,,9.30618e-05
1947,2.916885,,9.30536e-05
1948,3.047848,,9.30453e-05
1949,2.662572,,9.30371e-05
1950,2.566016,,9.30289e-05
1951,2.830618,,9.30206e-05
1952,2.980014,,9.30124e-05
1953,3.251827,,9.30041e-05
1954,2.801575,,9.29958e-05
1955,2.919877,,9.29876e-05
1956,2.957796,,9.29793e-05
1957,3.294193,,9.2971e-05
1958,2.499177,,9.29627e-05
1959,2.436611,,9.29544e-05
1960,3.488957,,9.29462e-05
1961,3.399334,,9.29379e-05
1962,2.705178,,9.29296e-05
1963,3.564822,,9.29213e-05
1964,3.659721,,9.29129e-05
1965,2.905846,,9.29046e-05
1966,2.941226,,9.28963e-05
1967,3.699603,,9.2888e-05
1968,3.447771,,9.28797e-05
1969,3.952697,,9.28713e-05
1970,3.880687,,9.2863e-05
1971,2.804244,,9.28547e-05
1972,3.061981,,9.28463e-05
1973,2.946840,,9.2838e-05
1974,3.505438,,9.28296e-05
1975,3.385524,,9.28213e-05
1976,3.026861,,9.28129e-05
1977,3.399006,,9.28045e-05
1978,2.344025,,9.27962e-05
1979,2.353071,,9.27878e-05
1980,2.214500,,9.27794e-05
1981,2.312092,,9.2771e-05
1982,2.644273,,9.27626e-05
1983,3.236472,,9.27542e-05
1984,3.033978,,9.27458e-05
1985,2.679743,,9.27374e-05
1986,2.526172,,9.2729e-05
1987,3.414374,,9.27206e-05
1988,2.844897,,9.27122e-05
1989,2.730304,,9.27038e-05
1990,3.088461,,9.26953e-05
1991,2.314629,,9.26869e-05
1992,3.100761,,9.26785e-05
1993,3.121989,,9.267e-05
1994,2.904581,,9.26616e-05
1995,2.959066,,9.26531e-05
1996,2.891506,,9.26447e-05
1997,3.126427,,9.26362e-05
1998,3.455217,,9.26278e-05
1999,2.978437,,9.26193e-05
2000,3.130690,3.204742,9.26108e-05
2001,2.778134,,9.26024e-05
2002,3.030666,,9.25939e-05
2003,3.306292,,9.25854e-05
2004,3.421607,,9.25769e-05
2005,3.047993,,9.25684e-05
2006,3.187417,,9.25599e-05
2007,3.122730,,9.25514e-05
2008,3.803953,,9.25429e-05
2009,3.501869,,9.25344e-05
2010,3.036064,,9.25259e-05
2011,3.510038,,9.25174e-05
2012,3.609737,,9.25089e-05
2013,3.882253,,9.25003e-05
2014,3.728086,,9.24918e-05
2015,3.806223,,9.24833e-05
2016,3.709820,,9.24747e-05
2017,3.457103,,9.24662e-05
2018,3.865280,,9.24576e-05
2019,3.756612,,9.24491e-05
2020,3.571662,,9.24405e-05
2021,3.761284,,9.24319e-05
2022,3.676250,,9.24234e-05
2023,3.603525,,9.24148e-05
2024,3.339836,,9.24062e-05
2025,3.787041,,9.23976e-05
2026,3.346665,,9.23891e-05
2027,3.321958,,9.23805e-05
2028,3.333908,,9.23719e-05
2029,3.218101,,9.23633e-05
2030,3.394321,,9.23547e-05
2031,3.079834,,9.23461e-05
2032,3.255613,,9.23374e-05
2033,3.357958,,9.23288e-05
2034,3.471603,,9.23202e-05
2035,3.034906,,9.23116e-05
2036,2.892005,,9.23029e-05
2037,3.192858,,9.22943e-05
2038,3.184843,,9.22857e-05
2039,2.711167,,9.2277e-05
2040,2.465417,,9.22684e-05
2041,3.140553,,9.22597e-05
2042,3.172978,,9.22511e-05
2043,2.713595,,9.22424e-05
2044,2.760782,,9.22337e-05
2045,2.669026,,9.22251e-05
2046,3.329684,,9.22164e-05
2047,2.982100,,9.22077e-05
2048,1.720759,,9.2199e-05
2049,3.362854,,9.21903e-05
2050,2.863729,,9.21817e-05
2051,3.167907,,9.2173e-05
2052,3.452312,,9.21643e-05
2053,3.363514,,9.21555e-05
2054,3.704721,,9.21468e-05
2055,3.135202,,9.21381e-05
2056,3.777573,,9.21294e-05
2057,3.896745,,9.21207e-05
2058,3.586091,,9.2112e-05
2059,3.527049,,9.21032e-05
2060,3.148013,,9.20945e-05
2061,3.331145,,9.20857e-05
2062,3.436526,,9.2077e-05
2063,3.522147,,9.20682e-05
2064,3.209628,,9.20595e-05
2065,3.989781,,9.20507e-05
2066,3.788055,,9.2042e-05
2067,3.458846,,9.20332e-05
2068,3.356502,,9.20244e-05
2069,3.032261,,9.20157e-05
2070,3.078216,,9.20069e-05
2071,3.155220,,9.19981e-05
2072,3.554553,,9.19893e-05
2073,1.839447,,9.19805e-05
2074,2.477689,,9.19717e-05
2075,2.183352,,9.19629e-05
2076,2.531248,,9.19541e-05
2077,2.583848,,9.19453e-05
2078,2.831160,,9.19365e-05
2079,2.966984,,9.19276e-05
2080,3.008040,,9.19188e-05
2081,3.536963,,9.191e-05
2082,2.845945,,9.19012e-05
2083,3.098884,,9.18923e-05
2084,2.669220,,9.18835e-05
2085,2.605928,,9.18746e-05
2086,2.466788,,9.18658e-05
2087,2.898586,,9.18569e-05
2088,2.501718,,9.18481e-05
2089,2.478586,,9.18392e-05
2090,2.333336,,9.18303e-05
2091,3.141488,,9.18215e-05
2092,2.825898,,9.18126e-05
2093,2.481441,,9.18037e-05
2094,2.637082,,9.17948e-05
2095,2.629398,,9.17859e-05
2096,2.470327,,9.1777e-05
2097,2.564798,,9.17681e-05
2098,2.313938,,9.17592e-05
2099,2.600996,,9.17503e-05
2100,2.835845,,9.17414e-05
2101,2.102433,,9.17325e-05
2102,2.668256,,9.17236e-05
2103,2.668551,,9.17146e-05
2104,2.514662,,9.17057e-05
2105,2.475045,,9.16968e-05
2106,1.983001,,9.16878e-05
2107,2.488792,,9.16789e-05
2108,2.969175,,9.16699e-05
2109,2.870877,,9.1661e-05
2110,2.567251,,9.1652e-05
2111,3.401357,,9.16431e-05
2112,2.779478,,9.16341e-05
2113,2.145687,,9.16251e-05
2114,2.293754,,9.16162e-05
2115,2.987183,,9.16072e-05
2116,2.421251,,9.15982e-05
2117,2.811385,,9.15892e-05
2118,2.215381,,9.15802e-05
2119,2.671253,,9.15712e-05
2120,2.783604,,9.15622e-05
2121,2.474702,,9.15532e-05
2122,2.945980,,9.15442e-05
2123,2.977118,,9.15352e-05
2124,3.222171,,9.15262e-05
2125,2.691777,,9.15172e-05
2126,2.437983,,9.15081e-05
2127,2.038831,,9.14991e-05
2128,2.555010,,9.14901e-05
2129,2.251936,,9.1481e-05
2130,1.959690,,9.1472e-05
2131,2.392399,,9.14629e-05
2132,2.628465,,9.14539e-05
2133,2.598307,,9.14448e-05
2134,2.969740,,9.14358e-05
2135,2.738387,,9.14267e-05
2136,2.265986,,9.14176e-05
2137,2.974054,,9.14086e-05
2138,2.577236,,9.13995e-05
2139,2.556585,,9.13904e-05
2140,2.441366,,9.13813e-05
2141,2.519741,,9.13722e-05
2142,2.710164,,9.13631e-05
2143,2.438349,,9.1354e-05
2144,2.382024,,9.13449e-05
2145,2.443274,,9.13358e-05
2146,2.711919,,9.13267e-05
2147,2.174937,,9.13176e-05
2148,2.092474,,9.13085e-05
2149,2.253648,,9.12993e-05
2150,1.914439,,9.12902e-05
2151,2.426755,,9.12811e-05
2152,2.847097,,9.12719e-05
2153,2.762270,,9.12628e-05
2154,2.737317,,9.12536e-05
2155,2.794619,,9.12445e-05
2156,2.519826,,9.12353e-05
2157,3.321139,,9.12262e-05
2158,2.674147,,9.1217e-05
2159,2.597276,,9.12078e-05
2160,2.993053,,9.11987e-05
2161,3.200266,,9.11895e-05
2162,3.316463,,9.11803e-05
2163,3.189929,,9.11711e-05
2164,3.489521,,9.11619e-05
2165,3.028208,,9.11527e-05
2166,3.041457,,9.11435e-05
2167,3.124376,,9.11343e-05
2168,3.247387,,9.11251e-05
2169,3.261880,,9.11159e-05
2170,2.777230,,9.11067e-05
2171,2.714932,,9.10975e-05
2172,2.637717,,9.10882e-05
2173,2.766282,,9.1079e-05
2174,2.928357,,9.10698e-05
2175,3.047245,,9.10605e-05
2176,3.428699,,9.10513e-05
2177,3.043124,,9.10421e-05
2178,3.770849,,9.10328e-05
2179,3.426381,,9.10235e-05
2180,3.264591,,9.10143e-05
2181,3.048959,,9.1005e-05
2182,3.134374,,9.09958e-05
2183,3.471505,,9.09865e-05
2184,3.456481,,9.09772e-05
2185,2.930220,,9.09679e-05
2186,2.872437,,9.09586e-05
2187,2.823404,,9.09493e-05
2188,3.275382,,9.094e-05
2189,2.844270,,9.09308e-05
2190,2.570112,,9.09214e-05
2191,2.473501,,9.09121e-05
2192,2.602338,,9.09028e-05
2193,3.035705,,9.08935e-05
2194,3.024833,,9.08842e-05
2195,3.260883,,9.08749e-05
2196,3.278651,,9.08655e-05
2197,3.720834,,9.08562e-05
2198,3.686738,,9.08469e-05
2199,3.441561,,9.08375e-05
2200,3.997952,,9.08282e-05
2201,3.801214,,9.08188e-05
2202,3.764247,,9.08095e-05
2203,2.903829,,9.08001e-05
2204,3.411543,,9.07908e-05
2205,3.593677,,9.07814e-05
2206,3.835737,,9.0772e-05
2207,3.708297,,9.07626e-05
2208,3.728209,,9.07533e-05
2209,3.939412,,9.07439e-05
2210,3.234541,,9.07345e-05
2211,3.512711,,9.07251e-05
2212,3.231394,,9.07157e-05
2213,4.065752,,9.07063e-05
2214,3.718452,,9.06969e-05
2215,3.572564,,9.06875e-05
2216,3.336205,,9.06781e-05
2217,3.352878,,9.06687e-05
2218,3.825396,,9.06592e-05
2219,3.548417,,9.06498e-05
2220,3.268611,,9.06404e-05
2221,3.669643,,9.06309e-05
2222,2.717212,,9.06215e-05
2223,3.308494,,9.0612e-05
2224,3.368547,,9.06026e-05
2225,3.779778,,9.05931e-05
2226,3.364184,,9.05837e-05
2227,3.293059,,9.05742e-05
2228,3.545523,,9.05648e-05
2229,3.210195,,9.05553e-05
2230,3.106723,,9.05458e-05
2231,2.802650,,9.05363e-05
2232,2.602686,,9.05269e-05
2233,3.378069,,9.05174e-05
2234,2.258684,,9.05079e-05
2235,2.514359,,9.04984e-05
2236,2.073106,,9.04889e-05
2237,2.352441,,9.04794e-05
2238,2.328918,,9.04699e-05
2239,2.348552,,9.04604e-05
2240,2.728828,,9.04508e-05
2241,2.117553,,9.04413e-05
2242,3.139801,,9.04318e-05
2243,2.809741,,9.04223e-05
2244,2.561886,,9.04127e-05
2245,2.856045,,9.04032e-05
2246,2.897336,,9.03937e-05
2247,2.993294,,9.03841e-05
2248,2.945001,,9.03746e-05
2249,2.840559,,9.0365e-05
2250,2.057781,3.239028,9.03555e-05
2251,3.105672,,9.03459e-05
2252,2.916290,,9.03363e-05
2253,2.451352,,9.03268e-05
2254,2.458808,,9.03172e-05
2255,2.728675,,9.03076e-05
2256,2.942064,,9.0298e-05
2257,2.691815,,9.02884e-05
2258,2.534761,,9.02788e-05
2259,3.131925,,9.02692e-05
2260,2.769015,,9.02596e-05
2261,3.275038,,9.025e-05
2262,2.581407,,9.02404e-05
2263,2.831779,,9.02308e-05
2264,2.907837,,9.02212e-05
2265,3.362379,,9.02116e-05
2266,3.439331,,9.02019e-05
2267,3.343587,,9.01923e-05
2268,3.396033,,9.01827e-05
2269,3.312869,,9.0173e-05
2270,2.374314,,9.01634e-05
2271,3.070080,,9.01537e-05
2272,2.670579,,9.01441e-05
2273,2.905855,,9.01344e-05
2274,3.621367,,9.01248e-05
2275,2.731672,,9.01151e-05
2276,3.104875,,9.01054e-05
2277,3.450518,,9.00958e-05
2278,3.086955,,9.00861e-05
2279,3.250260,,9.00764e-05
2280,2.787479,,9.00667e-05
2281,2.896241,,9.0057e-05
2282,3.789740,,9.00473e-05
2283,3.391863,,9.00376e-05
2284,3.319863,,9.00279e-05
2285,3.115217,,9.00182e-05
2286,3.070207,,9.00085e-05
2287,2.926851,,8.99988e-05
2288,2.864186,,8.99891e-05
2289,2.599109,,8.99794e-05
2290,3.073077,,8.99696e-05
2291,3.103141,,8.99599e-05
2292,3.073408,,8.99502e-05
2293,2.638708,,8.99404e-05
2294,2.349508,,8.99307e-05
2295,2.590132,,8.99209e-05
2296,3.025648,,8.99112e-05
2297,2.889973,,8.99014e-05
2298,3.753912,,8.98917e-05
2299,3.441816,,8.98819e-05
2300,2.854496,,8.98721e-05
2301,3.161465,,8.98624e-05
2302,3.116033,,8.98526e-05
2303,3.101415,,8.98428e-05
2304,2.624233,,8.9833e-05
2305,3.196566,,8.98232e-05
2306,2.450677,,8.98134e-05
2307,2.861419,,8.98036e-05
2308,3.034597,,8.97938e-05
2309,2.196370,,8.9784e-05
2310,2.910185,,8.97742e-05
2311,2.925632,,8.97644e-05
2312,3.110847,,8.97546e-05
2313,3.222866,,8.97448e-05
2314,2.552834,,8.97349e-05
2315,3.377284,,8.97251e-05
2316,2.379597,,8.97153e-05
2317,2.815058,,8.97054e-05
2318,2.665813,,8.96956e-05
2319,3.460778,,8.96857e-05
2320,2.998626,,8.96759e-05
2321,3.328151,,8.9666e-05
2322,3.614931,,8.96562e-05
2323,3.264939,,8.96463e-05
2324,3.401483,,8.96364e-05
2325,3.218205,,8.96266e-05
2326,3.394608,,8.96167e-05
2327,2.962575,,8.96068e-05
2328,3.337173,,8.95969e-05
2329,3.528766,,8.9587e-05
2330,2.645792,,8.95771e-05
2331,3.330900,,8.95672e-05
2332,2.954586,,8.95573e-05
2333,2.635570,,8.95474e-05
2334,3.104988,,8.95375e-05
2335,3.607216,,8.95276e-05
2336,3.825435,,8.95177e-05
2337,3.875151,,8.95078e-05
2338,2.931632,,8.94978e-05
2339,3.629822,,8.94879e-05
2340,3.763278,,8.9478e-05
2341,3.129535,,8.9468e-05
2342,3.248777,,8.94581e-05
2343,2.819048,,8.94481e-05
2344,3.121838,,8.94382e-05
2345,2.954526,,8.94282e-05
2346,3.157722,,8.94183e-05
2347,2.525019,,8.94083e-05
2348,2.897491,,8.93983e-05
2349,2.422507,,8.93883e-05
2350,3.066676,,8.93784e-05
2351,2.874704,,8.93684e-05
2352,3.354306,,8.93584e-05
2353,2.719130,,8.93484e-05
2354,3.087199,,8.93384e-05
2355,3.667787,,8.93284e-05
2356,3.231148,,8.93184e-05
2357,2.870867,,8.93084e-05
2358,3.427772,,8.92984e-05
2359,2.752253,,8.92884e-05
2360,2.576775,,8.92784e-05
2361,2.867741,,8.92684e-05
2362,2.931490,,8.92583e-05
2363,3.073242,,8.92483e-05
2364,2.832611,,8.92383e-05
2365,3.066930,,8.92282e-05
2366,3.349011,,8.92182e-05
2367,3.127816,,8.92081e-05
2368,3.081442,,8.91981e-05
2369,3.794962,,8.9188e-05
2370,3.198963,,8.9178e-05
2371,2.319235,,8.91679e-05
2372,2.591457,,8.91578e-05
2373,2.696740,,8.91478e-05
2374,2.946851,,8.91377e-05
2375,2.625639,,8.91276e-05
2376,2.839841,,8.91175e-05
2377,2.935456,,8.91074e-05
2378,2.593545,,8.90973e-05
2379,2.800878,,8.90872e-05
2380,2.934182,,8.90771e-05
2381,2.747973,,8.9067e-05
2382,3.500204,,8.90569e-05
2383,2.716109,,8.90468e-05
2384,3.289833,,8.90367e-05
2385,2.519864,,8.90266e-05
2386,3.506402,,8.90165e-05
2387,3.010348,,8.90063e-05
2388,2.993977,,8.89962e-05
2389,2.632452,,8.89861e-05
2390,3.485675,,8.89759e-05
2391,2.781273,,8.89658e-05
2392,2.943534,,8.89556e-05
2393,3.041812,,8.89455e-05
2394,3.002948,,8.89353e-05
2395,2.734302,,8.89251e-05
2396,2.679122,,8.8915e-05
2397,2.510077,,8.89048e-05
2398,2.562856,,8.88946e-05
2399,2.425175,,8.88845e-05
2400,2.589925,,8.88743e-05
2401,3.059910,,8.88641e-05
2402,3.156828,,8.88539e-05
2403,3.153616,,8.88437e-05
2404,3.266461,,8.88335e-05
2405,3.320159,,8.88233e-05
2406,3.137979,,8.88131e-05
2407,3.176995,,8.88029e-05
2408,2.974407,,8.87927e-05
2409,2.698050,,8.87825e-05
2410,3.337277,,8.87722e-05
2411,3.280262,,8.8762e-05
2412,3.352531,,8.87518e-05
2413,3.213644,,8.87415e-05
2414,3.645232,,8.87313e-05
2415,3.062413,,8.87211e-05
2416,3.149781,,8.87108e-05
2417,3.631539,,8.87006e-05
2418,3.058408,,8.86903e-05
2419,3.054685,,8.868e-05
2420,3.061496,,8.86698e-05
2421,3.242152,,8.86595e-05
2422,3.149304,,8.86492e-05
2423,2.989494,,8.8639e-05
2424,2.704094,,8.86287e-05
2425,3.557905,,8.86184e-05
2426,2.986711,,8.86081e-05
2427,3.058444,,8.85978e-05
2428,2.569155,,8.85875e-05
2429,2.048056,,8.85772e-05
2430,3.009698,,8.85669e-05
2431,3.077396,,8.85566e-05
2432,3.096184,,8.85463e-05
2433,2.822238,,8.8536e-05
2434,2.747496,,8.85257e-05
2435,2.939494,,8.85153e-05
2436,2.158758,,8.8505e-05
2437,2.133163,,8.84947e-05
2438,2.419324,,8.84843e-05
2439,3.248090,,8.8474e-05
2440,3.298768,,8.84637e-05
2441,2.996107,,8.84533e-05
2442,3.002717,,8.8443e-05
2443,3.305494,,8.84326e-05
2444,2.429829,,8.84222e-05
2445,3.011835,,8.84119e-05
2446,3.157329,,8.84015e-05
2447,3.257064,,8.83911e-05
2448,3.335358,,8.83808e-05
2449,2.696305,,8.83704e-05
2450,2.106949,,8.836e-05
2451,2.462043,,8.83496e-05
2452,2.253380,,8.83392e-05
2453,2.025972,,8.83288e-05
2454,1.757250,,8.83184e-05
2455,3.384568,,8.8308e-05
2456,3.471059,,8.82976e-05
2457,2.647825,,8.82872e-05
2458,2.627237,,8.82768e-05
2459,2.910032,,8.82663e-05
2460,3.314190,,8.82559e-05
2461,2.493495,,8.82455e-05
2462,2.919971,,8.82351e-05
2463,3.270977,,8.82246e-05
2464,3.157107,,8.82142e-05
2465,3.138042,,8.82037e-05
2466,2.945762,,8.81933e-05
2467,2.357490,,8.81828e-05
2468,3.153090,,8.81724e-05
2469,3.031151,,8.81619e-05
2470,3.186605,,8.81514e-05
2471,3.093194,,8.8141e-05
2472,2.894955,,8.81305e-05
2473,3.109077,,8.812e-05
2474,2.962019,,8.81095e-05
2475,3.000149,,8.80991e-05
2476,3.285065,,8.80886e-05
2477,3.274981,,8.80781e-05
2478,3.305950,,8.80676e-05
2479,3.517271,,8.80571e-05
2480,3.273249,,8.80466e-05
2481,2.982386,,8.80361e-05
2482,3.052567,,8.80256e-05
2483,3.380851,,8.8015e-05
2484,3.165648,,8.80045e-05
2485,3.188513,,8.7994e-05
2486,3.280219,,8.79835e-05
2487,2.802801,,8.79729e-05
2488,2.960518,,8.79624e-05
2489,3.171314,,8.79519e-05
2490,2.930866,,8.79413e-05
2491,2.966480,,8.79308e-05
2492,3.079681,,8.79202e-05
2493,3.135917,,8.79096e-05
2494,2.783813,,8.78991e-05
2495,3.352469,,8.78885e-05
2496,2.895714,,8.7878e-05
2497,2.926450,,8.78674e-05
2498,2.662353,,8.78568e-05
2499,2.847727,,8.78462e-05
2500,3.064517,3.280685,8.78356e-05
2501,3.372928,,8.78251e-05
2502,3.077597,,8.78145e-05
2503,2.777574,,8.78039e-05
2504,2.736201,,8.77933e-05
2505,3.564206,,8.77827e-05
2506,3.889602,,8.7772e-05
2507,3.698155,,8.77614e-05
2508,3.503319,,8.77508e-05
2509,3.065036,,8.77402e-05
2510,3.498366,,8.77296e-05
2511,3.175906,,8.77189e-05
2512,3.075196,,8.77083e-05
2513,3.036984,,8.76977e-05
2514,3.370263,,8.7687e-05
2515,3.834794,,8.76764e-05
2516,3.813435,,8.76657e-05
2517,3.277594,,8.76551e-05
2518,3.219125,,8.76444e-05
2519,3.043805,,8.76338e-05
2520,3.000156,,8.76231e-05
2521,3.061904,,8.76124e-05
2522,3.736190,,8.76018e-05
2523,3.789289,,8.75911e-05
2524,2.658790,,8.75804e-05
2525,2.138021,,8.75697e-05
2526,2.138839,,8.7559e-05
2527,2.762135,,8.75484e-05
2528,2.886860,,8.75377e-05
2529,2.258781,,8.7527e-05
2530,2.352180,,8.75163e-05
2531,3.185983,,8.75056e-05
2532,2.427036,,8.74948e-05
2533,2.619282,,8.74841e-05
2534,2.726014,,8.74734e-05
2535,2.888401,,8.74627e-05
2536,3.363992,,8.7452e-05
2537,2.926025,,8.74412e-05
2538,2.912552,,8.74305e-05
2539,3.134340,,8.74198e-05
2540,2.938508,,8.7409e-05
2541,3.507319,,8.73983e-05
2542,2.929744,,8.73875e-05
2543,2.716834,,8.73768e-05
2544,3.124475,,8.7366e-05
2545,3.089950,,8.73552e-05
2546,2.649150,,8.73445e-05
2547,2.788122,,8.73337e-05
2548,2.959257,,8.73229e-05
2549,3.169846,,8.73122e-05
2550,3.575280,,8.73014e-05
2551,2.770477,,8.72906e-05
2552,3.396052,,8.72798e-05
2553,3.448996,,8.7269e-05
2554,3.285048,,8.72582e-05
2555,3.492902,,8.72474e-05
2556,3.641663,,8.72366e-05
2557,3.749392,,8.72258e-05
2558,3.782860,,8.7215e-05
2559,3.425609,,8.72042e-05
2560,2.866863,,8.71933e-05
2561,2.974545,,8.71825e-05
2562,2.444515,,8.71717e-05
2563,2.436368,,8.71609e-05
2564,2.527226,,8.715e-05
2565,2.844209,,8.71392e-05
2566,2.652788,,8.71283e-05
2567,2.593475,,8.71175e-05
2568,2.136886,,8.71066e-05
2569,2.943336,,8.70958e-05
2570,2.510229,,8.70849e-05
2571,2.716098,,8.70741e-05
2572,2.417839,,8.70632e-05
2573,2.257889,,8.70523e-05
2574,2.625365,,8.70414e-05
2575,2.400515,,8.70306e-05
2576,2.703125,,8.70197e-05
2577,2.446005,,8.70088e-05
2578,2.577590,,8.69979e-05
2579,2.387906,,8.6987e-05
2580,2.561785,,8.69761e-05
2581,2.423275,,8.69652e-05
2582,2.303401,,8.69543e-05
2583,2.629231,,8.69434e-05
2584,2.883089,,8.69325e-05
2585,3.298925,,8.69216e-05
2586,2.560039,,8.69106e-05
2587,3.134403,,8.68997e-05
2588,2.969937,,8.68888e-05
2589,2.891052,,8.68778e-05
2590,3.141283,,8.68669e-05
2591,3.131431,,8.6856e-05
2592,3.369459,,8.6845e-05
2593,3.388524,,8.68341e-05
2594,3.211849,,8.68231e-05
2595,3.245766,,8.68122e-05
2596,3.200927,,8.68012e-05
2597,3.136123,,8.67902e-05
2598,3.167035,,8.67793e-05
2599,3.860848,,8.67683e-05
2600,3.516463,,8.67573e-05
2601,3.481719,,8.67463e-05
2602,3.249793,,8.67354e-05
2603,3.497434,,8.67244e-05
2604,3.782053,,8.67134e-05
2605,2.815244,,8.67024e-05
2606,3.096559,,8.66914e-05
2607,3.605993,,8.66804e-05
2608,3.517744,,8.66694e-05
2609,3.515408,,8.66584e-05
2610,3.504416,,8.66473e-05
2611,3.318107,,8.66363e-05
2612,3.269181,,8.66253e-05
2613,3.105361,,8.66143e-05
2614,3.391921,,8.66033e-05
2615,3.229263,,8.65922e-05
2616,3.435790,,8.65812e-05
2617,2.549654,,8.65701e-05
2618,3.448091,,8.65591e-05
2619,2.609852,,8.6548e-05
2620,2.597527,,8.6537e-05
2621,2.881912,,8.65259e-05
2622,3.023667,,8.65149e-05
2623,2.936485,,8.65038e-05
2624,2.384750,,8.64927e-05
2625,2.242108,,8.64817e-05
2626,1.983056,,8.64706e-05
2627,2.010311,,8.64595e-05
2628,2.222281,,8.64484e-05
2629,2.627376,,8.64373e-05
2630,2.454288,,8.64263e-05
2631,2.759390,,8.64152e-05
2632,2.408898,,8.64041e-05
2633,2.582122,,8.6393e-05
2634,2.761169,,8.63819e-05
2635,2.521805,,8.63707e-05
2636,3.157411,,8.63596e-05
2637,2.567520,,8.63485e-05
2638,3.309520,,8.63374e-05
2639,2.753406,,8.63263e-05
2640,2.764966,,8.63151e-05
2641,2.738124,,8.6304e-05
2642,2.571876,,8.62929e-05
2643,2.940693,,8.62817e-05
2644,3.459069,,8.62706e-05
2645,2.862492,,8.62594e-05
2646,2.528537,,8.62483e-05
2647,2.921367,,8.62371e-05
2648,2.285830,,8.6226e-05
2649,2.800487,,8.62148e-05
2650,3.029717,,8.62036e-05
2651,2.859452,,8.61925e-05
2652,2.717659,,8.61813e-05
2653,2.682317,,8.61701e-05
2654,2.925759,,8.61589e-05
2655,3.081239,,8.61477e-05
2656,3.334184,,8.61365e-05
2657,2.878396,,8.61254e-05
2658,2.769190,,8.61142e-05
2659,3.115973,,8.6103e-05
2660,3.268747,,8.60917e-05
2661,2.953289,,8.60805e-05
2662,2.929758,,8.60693e-05
2663,2.887687,,8.60581e-05
2664,2.537356,,8.60469e-05
2665,3.108641,,8.60357e-05
2666,3.299262,,8.60244e-05
2667,2.428146,,8.60132e-05
2668,2.872774,,8.6002e-05
2669,2.788953,,8.59907e-05
2670,3.574097,,8.59795e-05
2671,2.834255,,8.59682e-05
2672,3.563251,,8.5957e-05
2673,3.619986,,8.59457e-05
2674,3.596492,,8.59345e-05
2675,2.936731,,8.59232e-05
2676,4.274325,,8.59119e-05
2677,3.434481,,8.59007e-05
2678,3.860187,,8.58894e-05
2679,3.891411,,8.58781e-05
2680,2.919015,,8.58668e-05
2681,2.415363,,8.58556e-05
2682,2.633244,,8.58443e-05
2683,2.722859,,8.5833e-05
2684,3.587568,,8.58217e-05
2685,3.855942,,8.58104e-05
2686,3.653314,,8.57991e-05
2687,3.166026,,8.57878e-05
2688,3.272530,,8.57765e-05
2689,3.649369,,8.57652e-05
2690,3.525904,,8.57538e-05
2691,3.580063,,8.57425e-05
2692,3.551318,,8.57312e-05
2693,3.697852,,8.57199e-05
2694,3.300596,,8.57085e-05
2695,3.785464,,8.56972e-05
2696,3.634168,,8.56858e-05
2697,3.236879,,8.56745e-05
2698,3.452567,,8.56632e-05
2699,3.113484,,8.56518e-05
2700,3.008081,,8.56404e-05
2701,3.936061,,8.56291e-05
2702,3.193793,,8.56177e-05
2703,2.421993,,8.56064e-05
2704,2.804574,,8.5595e-05
2705,2.537690,,8.55836e-05
2706,2.416092,,8.55722e-05
2707,2.173295,,8.55609e-05
2708,2.905272,,8.55495e-05
2709,2.914950,,8.55381e-05
2710,2.343279,,8.55267e-05
2711,3.222613,,8.55153e-05
2712,3.512891,,8.55039e-05
2713,3.214202,,8.54925e-05
2714,3.378284,,8.54811e-05
2715,3.520966,,8.54697e-05
2716,3.110192,,8.54582e-05
2717,3.016520,,8.54468e-05
2718,3.001286,,8.54354e-05
2719,3.237675,,8.5424e-05
2720,3.381646,,8.54125e-05
2721,2.971541,,8.54011e-05
2722,2.967184,,8.53897e-05
2723,2.866943,,8.53782e-05
2724,3.208345,,8.53668e-05
2725,2.865251,,8.53553e-05
2726,2.585824,,8.53439e-05
2727,3.044986,,8.53324e-05
2728,2.859543,,8.5321e-05
2729,3.345564,,8.53095e-05
2730,2.836971,,8.5298e-05
2731,2.971051,,8.52866e-05
2732,2.557345,,8.52751e-05
2733,2.898708,,8.52636e-05
2734,2.795267,,8.52521e-05
2735,3.112270,,8.52406e-05
2736,2.497176,,8.52292e-05
2737,2.970919,,8.52177e-05
2738,3.142395,,8.52062e-05
2739,3.212376,,8.51947e-05
2740,3.366704,,8.51832e-05
2741,3.156140,,8.51717e-05
2742,3.329490,,8.51601e-05
2743,3.014983,,8.51486e-05
2744,2.935285,,8.51371e-05
2745,2.729183,,8.51256e-05
2746,3.220264,,8.51141e-05
2747,3.140963,,8.51025e-05
2748,2.887682,,8.5091e-05
2749,2.444153,,8.50795e-05
2750,2.301205,3.228547,8.50679e-05
2751,2.597282,,8.50564e-05
2752,2.252761,,8.50448e-05
2753,2.467222,,8.50333e-05
2754,2.696578,,8.50217e-05
2755,2.294447,,8.50102e-05
2756,1.980096,,8.49986e-05
2757,2.173953,,8.4987e-05
2758,2.213120,,8.49755e-05
2759,2.597890,,8.49639e-05
2760,2.707670,,8.49523e-05
2761,2.661274,,8.49407e-05
2762,2.929794,,8.49291e-05
2763,2.740380,,8.49175e-05
2764,2.658871,,8.4906e-05
2765,2.829870,,8.48944e-05
2766,2.912546,,8.48828e-05
2767,2.421961,,8.48712e-05
2768,2.478968,,8.48595e-05
2769,2.779858,,8.48479e-05
2770,2.731067,,8.48363e-05
2771,2.275184,,8.48247e-05
2772,2.611858,,8.48131e-05
2773,2.623912,,8.48015e-05
2774,2.643465,,8.47898e-05
2775,2.740784,,8.47782e-05
2776,3.074121,,8.47666e-05
2777,2.679094,,8.47549e-05
2778,2.423650,,8.47433e-05
2779,3.064277,,8.47316e-05
2780,3.114404,,8.472e-05
2781,3.118108,,8.47083e-05
2782,2.201067,,8.46967e-05
2783,2.423683,,8.4685e-05
2784,3.339453,,8.46733e-05
2785,2.850246,,8.46617e-05
2786,2.208786,,8.465e-05
2787,3.546254,,8.46383e-05
2788,3.147382,,8.46266e-05
2789,2.706756,,8.46149e-05
2790,3.222614,,8.46033e-05
2791,3.224576,,8.45916e-05
2792,3.056979,,8.45799e-05
2793,2.403091,,8.45682e-05
2794,3.111095,,8.45565e-05
2795,2.711664,,8.45448e-05
2796,3.160716,,8.45331e-05
2797,3.845031,,8.45213e-05
2798,3.426303,,8.45096e-05
2799,3.899867,,8.44979e-05
2800,3.436897,,8.44862e-05
2801,2.365230,,8.44745e-05
2802,2.972452,,8.44627e-05
2803,2.883586,,8.4451e-05
2804,2.762141,,8.44393e-05
2805,3.305699,,8.44275e-05
2806,2.749183,,8.44158e-05
2807,2.469426,,8.4404e-05
2808,2.775096,,8.43923e-05
2809,2.113763,,8.43805e-05
2810,2.727225,,8.43688e-05
2811,3.605161,,8.4357e-05
2812,2.840049,,8.43452e-05
2813,1.670552,,8.43335e-05
2814,2.828350,,8.43217e-05
2815,3.030964,,8.43099e-05
2816,2.633672,,8.42981e-05
2817,2.845415,,8.42863e-05
2818,3.638114,,8.42745e-05
2819,3.564583,,8.42628e-05
2820,3.407806,,8.4251e-05
2821,2.581564,,8.42392e-05
2822,2.229140,,8.42274e-05
2823,1.809350,,8.42155e-05
2824,1.878384,,8.42037e-05
2825,2.779901,,8.41919e-05
2826,2.366922,,8.41801e-05
2827,3.013934,,8.41683e-05
2828,2.795896,,8.41565e-05
2829,3.406948,,8.41446e-05
2830,2.649761,,8.41328e-05
2831,2.964977,,8.4121e-05
2832,3.377272,,8.41091e-05
2833,3.694131,,8.40973e-05
2834,3.613973,,8.40854e-05
2835,2.906404,,8.40736e-05
2836,3.006305,,8.40617e-05
2837,2.642865,,8.40499e-05
2838,2.781847,,8.4038e-05
2839,3.070502,,8.40262e-05
2840,3.044793,,8.40143e-05
2841,2.213073,,8.40024e-05
2842,3.229505,,8.39905e-05
2843,2.769294,,8.39787e-05
2844,3.183931,,8.39668e-05
2845,2.207016,,8.39549e-05
2846,2.689828,,8.3943e-05
2847,2.491052,,8.39311e-05
2848,3.020769,,8.39192e-05
2849,2.799921,,8.39073e-05
2850,2.688758,,8.38954e-05
2851,2.873845,,8.38835e-05
2852,2.387981,,8.38716e-05
2853,2.684494,,8.38597e-05
2854,2.838510,,8.38478e-05
2855,3.638934,,8.38359e-05
2856,3.537274,,8.38239e-05
2857,3.123021,,8.3812e-05
2858,3.664237,,8.38001e-05
2859,3.550671,,8.37881e-05
2860,3.675045,,8.37762e-05
2861,3.498061,,8.37643e-05
2862,3.441596,,8.37523e-05
2863,2.298854,,8.37404e-05
2864,2.722444,,8.37284e-05
2865,3.555758,,8.37164e-05
2866,3.123378,,8.37045e-05
2867,3.021645,,8.36925e-05
2868,3.384398,,8.36806e-05
2869,3.632762,,8.36686e-05
2870,3.505220,,8.36566e-05
2871,3.308161,,8.36446e-05
2872,3.312829,,8.36327e-05
2873,3.172552,,8.36207e-05
2874,3.023588,,8.36087e-05
2875,3.265880,,8.35967e-05
2876,2.624848,,8.35847e-05
2877,3.520443,,8.35727e-05
2878,3.558178,,8.35607e-05
2879,3.139469,,8.35487e-05
2880,2.931313,,8.35367e-05
2881,3.323817,,8.35247e-05
2882,3.017446,,8.35127e-05
2883,3.250529,,8.35006e-05
2884,3.199487,,8.34886e-05
2885,2.667933,,8.34766e-05
2886,2.731297,,8.34646e-05
2887,3.902327,,8.34525e-05
2888,3.321623,,8.34405e-05
2889,3.267725,,8.34284e-05
2890,3.025934,,8.34164e-05
2891,3.097974,,8.34043e-05
2892,3.346565,,8.33923e-05
2893,3.324407,,8.33802e-05
2894,3.551707,,8.33682e-05
2895,3.335783,,8.33561e-05
2896,3.407908,,8.33441e-05
2897,3.695824,,8.3332e-05
2898,4.007150,,8.33199e-05
2899,3.042894,,8.33078e-05
2900,2.977150,,8.32958e-05
2901,3.471051,,8.32837e-05
2902,3.145020,,8.32716e-05
2903,3.311747,,8.32595e-05
2904,3.855319,,8.32474e-05
2905,2.515678,,8.32353e-05
2906,3.538132,,8.32232e-05
2907,2.766480,,8.32111e-05
2908,3.283869,,8.3199e-05
2909,3.128155,,8.31869e-05
2910,3.393087,,8.31748e-05
2911,3.479735,,8.31627e-05
2912,3.774385,,8.31505e-05
2913,2.790687,,8.31384e-05
2914,2.683906,,8.31263e-05
2915,2.991213,,8.31142e-05
2916,2.662134,,8.3102e-05
2917,2.843448,,8.30899e-05
2918,2.851472,,8.30777e-05
2919,2.734632,,8.30656e-05
2920,2.391072,,8.30534e-05
2921,2.441740,,8.30413e-05
2922,2.353380,,8.30291e-05
2923,2.005938,,8.3017e-05
2924,2.280082,,8.30048e-05
2925,2.689218,,8.29926e-05
2926,2.404601,,8.29805e-05
2927,2.160823,,8.29683e-05
2928,2.555597,,8.29561e-05
2929,2.436692,,8.29439e-05
2930,2.261768,,8.29318e-05
2931,2.854738,,8.29196e-05
2932,2.728290,,8.29074e-05
2933,2.816141,,8.28952e-05
2934,2.319292,,8.2883e-05
2935,2.872545,,8.28708e-05
2936,2.901481,,8.28586e-05
2937,3.074657,,8.28464e-05
2938,2.683363,,8.28342e-05
2939,2.474325,,8.2822e-05
2940,2.919331,,8.28097e-05
2941,2.226197,,8.27975e-05
2942,2.753246,,8.27853e-05
2943,2.820571,,8.27731e-05
2944,2.723318,,8.27608e-05
2945,3.059703,,8.27486e-05
2946,2.655473,,8.27364e-05
2947,3.077231,,8.27241e-05
2948,2.860415,,8.27119e-05
2949,2.727280,,8.26996e-05
2950,2.773370,,8.26874e-05
2951,2.484205,,8.26751e-05
2952,3.442983,,8.26629e-05
2953,2.805701,,8.26506e-05
2954,2.827103,,8.26383e-05
2955,3.240422,,8.26261e-05
2956,3.074595,,8.26138e-05
2957,2.758164,,8.26015e-05
2958,3.100879,,8.25892e-05
2959,3.366573,,8.25769e-05
2960,2.728491,,8.25647e-05
2961,2.799868,,8.25524e-05
2962,3.297939,,8.25401e-05
2963,3.300972,,8.25278e-05
2964,3.452864,,8.25155e-05
2965,3.250397,,8.25032e-05
2966,2.996508,,8.24909e-05
2967,3.369212,,8.24786e-05
2968,3.239841,,8.24662e-05
2969,3.156885,,8.24539e-05
2970,3.086782,,8.24416e-05
2971,3.274209,,8.24293e-05
2972,3.014117,,8.2417e-05
2973,2.814199,,8.24046e-05
2974,3.201252,,8.23923e-05
2975,3.059822,,8.238e-05
2976,2.903242,,8.23676e-05
2977,2.886851,,8.23553e-05
2978,3.050460,,8.23429e-05
2979,2.786017,,8.23306e-05
2980,2.929558,,8.23182e-05
2981,3.105382,,8.23059e-05
2982,2.883722,,8.22935e-05
2983,2.634942,,8.22811e-05
2984,3.248018,,8.22688e-05
2985,3.324675,,8.22564e-05
2986,3.236616,,8.2244e-05
2987,3.461007,,8.22316e-05
2988,2.790027,,8.22193e-05
2989,2.770700,,8.22069e-05
2990,3.553151,,8.21945e-05
2991,3.166008,,8.21821e-05
2992,3.183831,,8.21697e-05
2993,2.838158,,8.21573e-05
2994,3.203681,,8.21449e-05
2995,3.036103,,8.21325e-05
2996,3.528789,,8.21201e-05
2997,3.010496,,8.21077e-05
2998,3.284389,,8.20953e-05
2999,3.333120,,8.20828e-05
3000,3.544635,3.327562,8.20704e-05
3001,3.301317,,8.2058e-05
3002,2.698517,,8.20456e-05
3003,2.979621,,8.20331e-05
3004,2.843800,,8.20207e-05
3005,2.866547,,8.20082e-05
3006,3.022258,,8.19958e-05
3007,3.728312,,8.19834e-05
3008,3.602249,,8.19709e-05
3009,2.877175,,8.19585e-05
3010,2.797121,,8.1946e-05
3011,2.549919,,8.19335e-05
3012,2.534008,,8.19211e-05
3013,2.887705,,8.19086e-05
3014,2.821691,,8.18961e-05
3015,2.509543,,8.18837e-05
3016,3.099356,,8.18712e-05
3017,2.865253,,8.18587e-05
3018,2.933421,,8.18462e-05
3019,2.462623,,8.18338e-05
3020,2.564184,,8.18213e-05
3021,3.146851,,8.18088e-05
3022,3.152743,,8.17963e-05
3023,3.161482,,8.17838e-05
3024,3.308747,,8.17713e-05
3025,3.223051,,8.17588e-05
3026,3.370372,,8.17463e-05
3027,3.340998,,8.17337e-05
3028,3.500703,,8.17212e-05
3029,3.547294,,8.17087e-05
3030,3.133734,,8.16962e-05
3031,3.035625,,8.16837e-05
3032,3.585777,,8.16711e-05
3033,3.432395,,8.16586e-05
3034,2.868022,,8.16461e-05
3035,2.107018,,8.16335e-05
3036,1.845374,,8.1621e-05
3037,2.119665,,8.16084e-05
3038,2.332070,,8.15959e-05
3039,2.801462,,8.15833e-05
3040,3.002570,,8.15708e-05
3041,2.814106,,8.15582e-05
3042,3.502837,,8.15457e-05
3043,2.449408,,8.15331e-05
3044,2.409697,,8.15205e-05
3045,2.742372,,8.1508e-05
3046,3.200607,,8.14954e-05
3047,3.287736,,8.14828e-05
3048,2.411297,,8.14702e-05
3049,2.959133,,8.14576e-05
3050,3.453820,,8.1445e-05
3051,2.569012,,8.14324e-05
3052,2.833447,,8.14199e-05
3053,2.929114,,8.14073e-05
3054,2.982084,,8.13947e-05
3055,2.714859,,8.1382e-05
3056,3.189440,,8.13694e-05
3057,3.098357,,8.13568e-05
3058,2.865783,,8.13442e-05
3059,3.289985,,8.13316e-05
3060,2.965640,,8.1319e-05
3061,3.101155,,8.13063e-05
3062,3.254040,,8.12937e-05
3063,3.037073,,8.12811e-05
3064,2.974277,,8.12685e-05
3065,2.831957,,8.12558e-05
3066,3.386955,,8.12432e-05
3067,2.705957,,8.12305e-05
3068,3.248448,,8.12179e-05
3069,2.915175,,8.12052e-05
3070,3.509788,,8.11926e-05
3071,3.433486,,8.11799e-05
3072,3.289586,,8.11673e-05
3073,2.791408,,8.11546e-05
3074,2.654608,,8.11419e-05
3075,2.959263,,8.11293e-05
3076,3.734763,,8.11166e-05
3077,3.172202,,8.11039e-05
3078,3.339130,,8.10912e-05
3079,2.472987,,8.10785e-05
3080,3.244540,,8.10658e-05
3081,4.234235,,8.10532e-05
3082,2.990785,,8.10405e-05
3083,2.365845,,8.10278e-05
3084,2.680417,,8.10151e-05
3085,2.427455,,8.10024e-05
3086,2.447674,,8.09897e-05
3087,2.724858,,8.09769e-05
3088,2.710662,,8.09642e-05
3089,2.765945,,8.09515e-05
3090,2.497949,,8.09388e-05
3091,2.756679,,8.09261e-05
3092,2.593457,,8.09133e-05
3093,2.604998,,8.09006e-05
3094,2.456025,,8.08879e-05
3095,2.488334,,8.08752e-05
3096,2.832792,,8.08624e-05
3097,2.488322,,8.08497e-05
3098,3.202381,,8.08369e-05
3099,2.476683,,8.08242e-05
3100,2.677315,,8.08114e-05
3101,2.475823,,8.07987e-05
3102,2.435758,,8.07859e-05
3103,2.460666,,8.07731e-05
3104,2.749733,,8.07604e-05
3105,2.557586,,8.07476e-05
3106,2.716009,,8.07348e-05
3107,2.733572,,8.07221e-05
3108,2.397595,,8.07093e-05
3109,2.793411,,8.06965e-05
3110,3.029711,,8.06837e-05
3111,2.646399,,8.06709e-05
3112,3.083806,,8.06581e-05
3113,3.384292,,8.06454e-05
3114,3.575021,,8.06326e-05
3115,3.485610,,8.06198e-05
3116,3.362150,,8.0607e-05
3117,3.690069,,8.05941e-05
3118,3.406006,,8.05813e-05
3119,3.381166,,8.05685e-05
3120,3.835179,,8.05557e-05
3121,2.916172,,8.05429e-05
3122,3.621783,,8.05301e-05
3123,3.181068,,8.05172e-05
3124,3.293514,,8.05044e-05
3125,2.879231,,8.04916e-05
3126,2.912776,,8.04787e-05
3127,3.246976,,8.04659e-05
3128,3.096121,,8.04531e-05
3129,3.013918,,8.04402e-05
3130,3.180964,,8.04274e-05
3131,3.521699,,8.04145e-05
3132,3.282022,,8.04017e-05
3133,2.274988,,8.03888e-05
3134,3.133974,,8.03759e-05
3135,2.505815,,8.03631e-05
3136,2.549478,,8.03502e-05
3137,2.907148,,8.03373e-05
3138,2.984310,,8.03245e-05
3139,3.076412,,8.03116e-05
3140,3.175077,,8.02987e-05
3141,3.470835,,8.02858e-05
3142,3.313595,,8.02729e-05
3143,2.808204,,8.026e-05
3144,3.408348,,8.02472e-05
3145,2.666992,,8.02343e-05
3146,2.548510,,8.02214e-05
3147,2.625340,,8.02085e-05
3148,2.901248,,8.01955e-05
3149,3.376686,,8.01826e-05
3150,3.206468,,8.01697e-05
3151,3.007193,,8.01568e-05
3152,3.654821,,8.01439e-05
3153,2.767388,,8.0131e-05
3154,3.584943,,8.0118e-05
3155,2.872586,,8.01051e-05
3156,3.043407,,8.00922e-05
3157,3.086193,,8.00793e-05
3158,3.392584,,8.00663e-05
3159,3.544657,,8.00534e-05
3160,3.009838,,8.00404e-05
3161,3.752992,,8.00275e-05
3162,3.510032,,8.00145e-05
3163,3.333746,,8.00016e-05
3164,3.605459,,7.99886e-05
3165,3.210292,,7.99757e-05
3166,3.224772,,7.99627e-05
3167,3.033274,,7.99497e-05
3168,3.109965,,7.99368e-05
3169,2.860585,,7.99238e-05
3170,2.935446,,7.99108e-05
3171,2.817465,,7.98978e-05
3172,2.583792,,7.98849e-05
3173,2.670892,,7.98719e-05
3174,3.085831,,7.98589e-05
3175,2.759646,,7.98459e-05
3176,2.516518,,7.98329e-05
3177,2.502736,,7.98199e-05
3178,2.321021,,7.98069e-05
3179,2.489875,,7.97939e-05
3180,2.928042,,7.97809e-05
3181,2.447660,,7.97679e-05
3182,2.465439,,7.97549e-05
3183,2.582554,,7.97419e-05
3184,2.523754,,7.97288e-05
3185,2.619845,,7.97158e-05
3186,2.616947,,7.97028e-05
3187,3.062662,,7.96898e-05
3188,2.760626,,7.96767e-05
3189,2.195407,,7.96637e-05
3190,2.548233,,7.96507e-05
3191,3.029781,,7.96376e-05
3192,2.453154,,7.96246e-05
3193,2.420493,,7.96115e-05
3194,2.764554,,7.95985e-05
3195,2.685269,,7.95854e-05
3196,2.433053,,7.95724e-05
3197,2.664630,,7.95593e-05
3198,2.438465,,7.95463e-05
3199,2.685192,,7.95332e-05
3200,2.516241,,7.95201e-05
3201,2.641804,,7.9507e-05
3202,2.773912,,7.9494e-05
3203,2.680166,,7.94809e-05
3204,2.350746,,7.94678e-05
3205,2.913194,,7.94547e-05
3206,2.875509,,7.94416e-05
3207,2.777335,,7.94286e-05
3208,3.287878,,7.94155e-05
3209,3.945864,,7.94024e-05
3210,2.715052,,7.93893e-05
3211,2.744115,,7.93762e-05
3212,3.031082,,7.93631e-05
3213,3.417919,,7.93499e-05
3214,3.211261,,7.93368e-05
3215,3.375988,,7.93237e-05
3216,3.211504,,7.93106e-05
3217,3.346701,,7.92975e-05
3218,3.163343,,7.92844e-05
3219,3.646832,,7.92712e-05
3220,3.380782,,7.92581e-05
3221,3.192955,,7.9245e-05
3222,3.485198,,7.92318e-05
3223,3.180289,,7.92187e-05
3224,3.573451,,7.92055e-05
3225,3.027526,,7.91924e-05
3226,3.068576,,7.91793e-05
3227,3.602046,,7.91661e-05
3228,3.553488,,7.91529e-05
3229,2.952822,,7.91398e-05
3230,2.938513,,7.91266e-05
3231,3.219172,,7.91135e-05
3232,2.441826,,7.91003e-05
3233,2.699599,,7.90871e-05
3234,2.904551,,7.9074e-05
3235,2.912502,,7.90608e-05
3236,3.153611,,7.90476e-05
3237,2.867130,,7.90344e-05
3238,3.196572,,7.90212e-05
3239,3.077759,,7.9008e-05
3240,3.383674,,7.89949e-05
3241,2.985894,,7.89817e-05
3242,3.415828,,7.89685e-05
3243,2.975129,,7.89553e-05
3244,2.573348,,7.89421e-05
3245,3.151768,,7.89288e-05
3246,3.289883,,7.89156e-05
3247,3.115583,,7.89024e-05
3248,3.185015,,7.88892e-05
3249,2.808300,,7.8876e-05
3250,3.316473,3.404525,7.88628e-05
3251,3.268514,,7.88495e-05
3252,2.987030,,7.88363e-05
3253,3.041331,,7.88231e-05
3254,2.914160,,7.88099e-05
3255,3.106725,,7.87966e-05
3256,3.107143,,7.87834e-05
3257,2.980038,,7.87701e-05
3258,3.234934,,7.87569e-05
3259,3.126273,,7.87436e-05
3260,3.012037,,7.87304e-05
3261,3.054836,,7.87171e-05
3262,2.684078,,7.87039e-05
3263,2.783536,,7.86906e-05
3264,3.085634,,7.86773e-05
3265,2.938093,,7.86641e-05
3266,2.940677,,7.86508e-05
3267,2.941205,,7.86375e-05
3268,2.608745,,7.86243e-05
3269,3.120839,,7.8611e-05
3270,2.771182,,7.85977e-05
3271,2.948248,,7.85844e-05
3272,2.743101,,7.85711e-05
3273,2.799986,,7.85578e-05
3274,2.736259,,7.85445e-05
3275,2.455671,,7.85312e-05
3276,2.318928,,7.85179e-05
3277,2.142202,,7.85046e-05
3278,2.562093,,7.84913e-05
3279,2.511591,,7.8478e-05
3280,2.690552,,7.84647e-05
3281,2.246214,,7.84514e-05
3282,2.376274,,7.84381e-05
3283,2.570896,,7.84248e-05
3284,2.335517,,7.84114e-05
3285,2.743937,,7.83981e-05
3286,2.467723,,7.83848e-05
3287,2.403598,,7.83714e-05
3288,2.304263,,7.83581e-05
3289,2.418355,,7.83448e-05
3290,2.580261,,7.83314e-05
3291,2.696502,,7.83181e-05
3292,2.472718,,7.83047e-05
3293,2.942179,,7.82914e-05
3294,2.612490,,7.8278e-05
3295,3.043996,,7.82647e-05
3296,2.931540,,7.82513e-05
3297,2.498680,,7.8238e-05
3298,2.993435,,7.82246e-05
3299,2.616945,,7.82112e-05
3300,2.799035,,7.81979e-05
3301,3.244657,,7.81845e-05
3302,2.525384,,7.81711e-05
3303,2.772440,,7.81577e-05
3304,3.365485,,7.81443e-05
3305,3.559103,,7.8131e-05
3306,3.338862,,7.81176e-05
3307,3.481592,,7.81042e-05
3308,3.304041,,7.80908e-05
3309,2.684520,,7.80774e-05
3310,2.497917,,7.8064e-05
3311,2.187063,,7.80506e-05
3312,2.243074,,7.80372e-05
3313,2.874541,,7.80238e-05
3314,3.260476,,7.80103e-05
3315,2.223128,,7.79969e-05
3316,2.337828,,7.79835e-05
3317,2.595354,,7.79701e-05
3318,2.459347,,7.79567e-05
3319,2.284427,,7.79432e-05
3320,2.886830,,7.79298e-05
3321,2.635372,,7.79164e-05
3322,2.454096,,7.79029e-05
3323,2.110150,,7.78895e-05
3324,2.171835,,7.78761e-05
3325,2.898232,,7.78626e-05
3326,3.111025,,7.78492e-05
3327,2.092729,,7.78357e-05
3328,2.485309,,7.78223e-05
3329,2.373668,,7.78088e-05
3330,2.792609,,7.77953e-05
3331,2.836890,,7.77819e-05
3332,2.556763,,7.77684e-05
3333,3.004756,,7.77549e-05
3334,2.900841,,7.77415e-05
3335,3.119630,,7.7728e-05
3336,3.397088,,7.77145e-05
3337,3.078341,,7.7701e-05
3338,3.904267,,7.76876e-05
3339,3.764186,,7.76741e-05
3340,3.200037,,7.76606e-05
3341,3.297981,,7.76471e-05
3342,2.852093,,7.76336e-05
3343,3.406399,,7.76201e-05
3344,2.896840,,7.76066e-05
3345,2.885617,,7.75931e-05
3346,2.930691,,7.75796e-05
3347,3.313178,,7.75661e-05
3348,3.154277,,7.75526e-05
3349,2.674512,,7.75391e-05
3350,3.065323,,7.75255e-05
3351,3.460628,,7.7512e-05
3352,3.483375,,7.74985e-05
3353,3.484838,,7.7485e-05
3354,3.126437,,7.74714e-05
3355,3.372762,,7.74579e-05
3356,3.095212,,7.74444e-05
3357,2.432914,,7.74308e-05
3358,3.300146,,7.74173e-05
3359,2.675561,,7.74038e-05
3360,3.259534,,7.73902e-05
3361,2.992876,,7.73767e-05
3362,2.787159,,7.73631e-05
3363,3.139160,,7.73495e-05
3364,3.131105,,7.7336e-05
3365,3.128643,,7.73224e-05
3366,2.992492,,7.73089e-05
3367,3.037905,,7.72953e-05
3368,2.954344,,7.72817e-05
3369,3.292453,,7.72682e-05
3370,2.896147,,7.72546e-05
3371,3.112299,,7.7241e-05
3372,3.421032,,7.72274e-05
3373,3.380375,,7.72138e-05
3374,2.785469,,7.72003e-05
3375,2.774111,,7.71867e-05
3376,3.080703,,7.71731e-05
3377,3.419630,,7.71595e-05
3378,3.053237,,7.71459e-05
3379,3.278376,,7.71323e-05
3380,2.760167,,7.71187e-05
3381,2.745485,,7.71051e-05
3382,3.210753,,7.70915e-05
3383,2.650495,,7.70778e-05
3384,2.830758,,7.70642e-05
3385,2.873884,,7.70506e-05
3386,3.286203,,7.7037e-05
3387,2.915141,,7.70234e-05
3388,2.565654,,7.70097e-05
3389,2.870699,,7.69961e-05
3390,2.823584,,7.69825e-05
3391,3.016300,,7.69688e-05
3392,3.071199,,7.69552e-05
3393,3.199442,,7.69416e-05
3394,2.740020,,7.69279e-05
3395,3.052434,,7.69143e-05
3396,2.478592,,7.69006e-05
3397,2.635886,,7.6887e-05
3398,2.685648,,7.68733e-05
3399,2.380368,,7.68597e-05
3400,2.961249,,7.6846e-05
3401,2.152841,,7.68323e-05
3402,1.768389,,7.68187e-05
3403,2.866998,,7.6805e-05
3404,3.254946,,7.67913e-05
3405,3.032137,,7.67777e-05
3406,2.707760,,7.6764e-05
3407,2.760481,,7.67503e-05
3408,3.080490,,7.67366e-05
3409,2.922733,,7.67229e-05
3410,3.008997,,7.67093e-05
3411,2.658016,,7.66956e-05
3412,2.648144,,7.66819e-05
3413,2.705718,,7.66682e-05
3414,3.100357,,7.66545e-05
3415,3.472759,,7.66408e-05
3416,3.908826,,7.66271e-05
3417,2.846813,,7.66134e-05
3418,3.064466,,7.65996e-05
3419,2.641772,,7.65859e-05
3420,2.620533,,7.65722e-05
3421,2.775586,,7.65585e-05
3422,2.891978,,7.65448e-05
3423,3.059437,,7.6531e-05
3424,3.433961,,7.65173e-05
3425,2.647527,,7.65036e-05
3426,3.027554,,7.64899e-05
3427,3.232973,,7.64761e-05
3428,3.630126,,7.64624e-05
3429,4.078125,,7.64486e-05
3430,4.255349,,7.64349e-05
3431,3.323705,,7.64212e-05
3432,2.884307,,7.64074e-05
3433,3.706705,,7.63937e-05
3434,2.546309,,7.63799e-05
3435,2.101360,,7.63661e-05
3436,2.692180,,7.63524e-05
3437,2.794086,,7.63386e-05
3438,3.003733,,7.63248e-05
3439,2.920469,,7.63111e-05
3440,2.438184,,7.62973e-05
3441,2.701704,,7.62835e-05
3442,2.153772,,7.62698e-05
3443,1.901685,,7.6256e-05
3444,1.953304,,7.62422e-05
3445,2.378708,,7.62284e-05
3446,2.571776,,7.62146e-05
3447,2.520038,,7.62008e-05
3448,2.744375,,7.6187e-05
3449,2.841529,,7.61732e-05
3450,3.029207,,7.61594e-05
3451,2.749503,,7.61456e-05
3452,2.790467,,7.61318e-05
3453,2.494367,,7.6118e-05
3454,2.368350,,7.61042e-05
3455,3.086479,,7.60904e-05
3456,3.318182,,7.60766e-05
3457,3.265180,,7.60628e-05
3458,3.351534,,7.60489e-05
3459,3.527160,,7.60351e-05
3460,3.405821,,7.60213e-05
3461,3.043714,,7.60075e-05
3462,2.595941,,7.59936e-05
3463,3.205104,,7.59798e-05
3464,3.652809,,7.5966e-05
3465,4.267692,,7.59521e-05
3466,3.017763,,7.59383e-05
3467,2.961972,,7.59244e-05
3468,2.652988,,7.59106e-05
3469,2.436367,,7.58967e-05
3470,3.012893,,7.58829e-05
3471,3.233131,,7.5869e-05
3472,3.089285,,7.58552e-05
3473,3.204965,,7.58413e-05
3474,3.096792,,7.58274e-05
3475,2.833360,,7.58136e-05
3476,3.668794,,7.57997e-05
3477,3.418990,,7.57858e-05
3478,3.022671,,7.5772e-05
3479,3.887153,,7.57581e-05
3480,3.287324,,7.57442e-05
3481,2.511837,,7.57303e-05
3482,3.287186,,7.57164e-05
3483,3.197658,,7.57025e-05
3484,3.323768,,7.56886e-05
3485,3.292666,,7.56747e-05
3486,3.078806,,7.56608e-05
3487,3.297630,,7.56469e-05
3488,3.138366,,7.5633e-05
3489,3.017485,,7.56191e-05
3490,3.180577,,7.56052e-05
3491,3.363201,,7.55913e-05
3492,3.354407,,7.55774e-05
3493,2.740952,,7.55635e-05
3494,2.955104,,7.55496e-05
3495,2.805705,,7.55357e-05
3496,3.966279,,7.55217e-05
3497,3.487180,,7.55078e-05
3498,3.061281,,7.54939e-05
3499,2.919375,,7.54799e-05
3500,3.011321,3.123474,7.5466e-05
3501,2.714390,,7.54521e-05
3502,3.168204,,7.54381e-05
3503,3.086377,,7.54242e-05
3504,2.925897,,7.54102e-05
3505,3.257552,,7.53963e-05
3506,3.210920,,7.53823e-05
3507,2.947933,,7.53684e-05
3508,3.407295,,7.53544e-05
3509,3.428660,,7.53405e-05
3510,3.113703,,7.53265e-05
3511,3.133462,,7.53126e-05
3512,3.049363,,7.52986e-05
3513,2.348774,,7.52846e-05
3514,2.802016,,7.52706e-05
3515,2.576393,,7.52567e-05
3516,3.363404,,7.52427e-05
3517,2.456867,,7.52287e-05
3518,2.769279,,7.52147e-05
3519,3.075248,,7.52007e-05
3520,2.835066,,7.51868e-05
3521,2.943483,,7.51728e-05
3522,2.887906,,7.51588e-05
3523,3.206274,,7.51448e-05
3524,2.793879,,7.51308e-05
3525,3.155026,,7.51168e-05
3526,3.224169,,7.51028e-05
3527,3.208106,,7.50888e-05
3528,2.777360,,7.50748e-05
3529,3.142087,,7.50607e-05
3530,3.221432,,7.50467e-05
3531,3.439079,,7.50327e-05
3532,3.369249,,7.50187e-05
3533,3.727377,,7.50047e-05
3534,3.125842,,7.49906e-05
3535,3.244954,,7.49766e-05
3536,3.127027,,7.49626e-05
3537,3.158965,,7.49486e-05
3538,3.519200,,7.49345e-05
3539,3.062508,,7.49205e-05
3540,3.380118,,7.49064e-05
3541,2.894486,,7.48924e-05
3542,2.834433,,7.48784e-05
3543,2.996832,,7.48643e-05
3544,3.095687,,7.48503e-05
3545,3.141733,,7.48362e-05
3546,2.837561,,7.48221e-05
3547,2.480410,,7.48081e-05
3548,2.933069,,7.4794e-05
3549,3.188085,,7.478e-05
3550,2.828700,,7.47659e-05
3551,3.366768,,7.47518e-05
3552,3.588109,,7.47378e-05
3553,3.567892,,7.47237e-05
3554,3.499196,,7.47096e-05
3555,2.746432,,7.46955e-05
3556,2.990016,,7.46814e-05
3557,3.039293,,7.46674e-05
3558,2.353591,,7.46533e-05
3559,2.749460,,7.46392e-05
3560,2.892743,,7.46251e-05
3561,2.715377,,7.4611e-05
3562,2.706679,,7.45969e-05
3563,2.862633,,7.45828e-05
3564,3.013349,,7.45687e-05
3565,3.435606,,7.45546e-05
3566,2.922551,,7.45405e-05
3567,2.224343,,7.45264e-05
3568,2.431432,,7.45123e-05
3569,2.846596,,7.44981e-05
3570,2.956042,,7.4484e-05
3571,3.146836,,7.44699e-05
3572,3.599885,,7.44558e-05
3573,3.485519,,7.44417e-05
3574,3.410649,,7.44275e-05
3575,3.476347,,7.44134e-05
3576,3.223753,,7.43993e-05
3577,2.652220,,7.43851e-05
3578,3.025724,,7.4371e-05
3579,3.031167,,7.43568e-05
3580,2.711647,,7.43427e-05
3581,3.153754,,7.43286e-05
3582,2.779068,,7.43144e-05
3583,2.557377,,7.43003e-05
3584,2.523330,,7.42861e-05
3585,2.399065,,7.42719e-05
3586,2.478477,,7.42578e-05
3587,2.368614,,7.42436e-05
3588,1.958141,,7.42295e-05
3589,2.790445,,7.42153e-05
3590,3.070563,,7.42011e-05
3591,3.090491,,7.4187e-05
3592,3.123271,,7.41728e-05
3593,3.631050,,7.41586e-05
3594,3.277203,,7.41444e-05
3595,3.419295,,7.41302e-05
3596,2.917537,,7.41161e-05
3597,3.515762,,7.41019e-05
3598,4.016781,,7.40877e-05
3599,3.592638,,7.40735e-05
3600,3.296275,,7.40593e-05
3601,3.678596,,7.40451e-05
3602,3.379960,,7.40309e-05
3603,3.348690,,7.40167e-05
3604,3.062121,,7.40025e-05
3605,2.245992,,7.39883e-05
3606,2.244462,,7.39741e-05
3607,2.591168,,7.39599e-05
3608,2.975998,,7.39457e-05
3609,2.787901,,7.39314e-05
3610,2.893152,,7.39172e-05
3611,2.717669,,7.3903e-05
3612,2.946168,,7.38888e-05
3613,2.923027,,7.38745e-05
3614,2.905002,,7.38603e-05
3615,2.509379,,7.38461e-05
3616,3.162204,,7.38318e-05
3617,2.847939,,7.38176e-05
3618,2.628233,,7.38034e-05
3619,2.996629,,7.37891e-05
3620,2.654266,,7.37749e-05
3621,2.769434,,7.37606e-05
3622,2.473434,,7.37464e-05
3623,2.815325,,7.37321e-05
3624,2.899813,,7.37179e-05
3625,2.759531,,7.37036e-05
3626,2.830666,,7.36894e-05
3627,2.962430,,7.36751e-05
3628,2.689637,,7.36608e-05
3629,2.845459,,7.36466e-05
3630,2.792194,,7.36323e-05
3631,2.429760,,7.3618e-05
3632,2.787402,,7.36037e-05
3633,3.497886,,7.35895e-05
3634,3.076905,,7.35752e-05
3635,3.192981,,7.35609e-05
3636,3.359318,,7.35466e-05
3637,3.042627,,7.35323e-05
3638,3.448138,,7.3518e-05
3639,3.475984,,7.35038e-05
3640,3.251802,,7.34895e-05
3641,3.285084,,7.34752e-05
3642,3.279788,,7.34609e-05
3643,3.593460,,7.34466e-05
3644,3.416578,,7.34323e-05
3645,3.019578,,7.3418e-05
3646,3.345743,,7.34036e-05
3647,3.397879,,7.33893e-05
3648,2.807108,,7.3375e-05
3649,3.485718,,7.33607e-05
3650,3.058242,,7.33464e-05
3651,2.262196,,7.33321e-05
3652,2.418174,,7.33177e-05
3653,2.711698,,7.33034e-05
3654,3.493165,,7.32891e-05
3655,3.527216,,7.32748e-05
3656,2.842308,,7.32604e-05
3657,3.010932,,7.32461e-05
3658,3.258875,,7.32317e-05
3659,3.062399,,7.32174e-05
3660,3.144602,,7.32031e-05
3661,2.576193,,7.31887e-05
3662,3.226765,,7.31744e-05
3663,3.018660,,7.316e-05
3664,2.907389,,7.31457e-05
3665,3.696466,,7.31313e-05
3666,3.274794,,7.3117e-05
3667,3.029208,,7.31026e-05
3668,2.720108,,7.30882e-05
3669,3.347970,,7.30739e-05
3670,2.938167,,7.30595e-05
3671,3.344780,,7.30451e-05
3672,3.028258,,7.30308e-05
3673,3.364278,,7.30164e-05
3674,3.107768,,7.3002e-05
3675,3.173446,,7.29876e-05
3676,2.421367,,7.29732e-05
3677,2.713406,,7.29589e-05
3678,3.147843,,7.29445e-05
3679,2.715107,,7.29301e-05
3680,2.999582,,7.29157e-05
3681,2.946180,,7.29013e-05
3682,2.569576,,7.28869e-05
3683,2.946867,,7.28725e-05
3684,3.022170,,7.28581e-05
3685,2.888512,,7.28437e-05
3686,3.082790,,7.28293e-05
3687,3.107951,,7.28149e-05
3688,3.540454,,7.28005e-05
3689,3.713084,,7.27861e-05
3690,3.322479,,7.27716e-05
3691,3.282910,,7.27572e-05
3692,3.165159,,7.27428e-05
3693,3.784990,,7.27284e-05
3694,3.421955,,7.2714e-05
3695,2.877527,,7.26995e-05
3696,3.397509,,7.26851e-05
3697,3.896031,,7.26707e-05
3698,3.307625,,7.26562e-05
3699,3.213120,,7.26418e-05
3700,2.676893,,7.26274e-05
3701,3.134856,,7.26129e-05
3702,2.184019,,7.25985e-05
3703,3.095448,,7.2584e-05
3704,3.649594,,7.25696e-05
3705,2.889766,,7.25551e-05
3706,3.262300,,7.25407e-05
3707,3.820634,,7.25262e-05
3708,3.229713,,7.25118e-05
3709,2.762089,,7.24973e-05
3710,2.660774,,7.24828e-05
3711,3.089740,,7.24684e-05
3712,2.820120,,7.24539e-05
3713,2.691991,,7.24394e-05
3714,3.078429,,7.2425e-05
3715,2.742103,,7.24105e-05
3716,2.658845,,7.2396e-05
3717,2.629740,,7.23815e-05
3718,2.567253,,7.2367e-05
3719,3.031299,,7.23526e-05
3720,3.286621,,7.23381e-05
3721,3.305675,,7.23236e-05
3722,3.320327,,7.23091e-05
3723,3.551621,,7.22946e-05
3724,3.490069,,7.22801e-05
3725,3.399843,,7.22656e-05
3726,3.154268,,7.22511e-05
3727,2.885368,,7.22366e-05
3728,2.526853,,7.22221e-05
3729,3.721458,,7.22076e-05
3730,2.909526,,7.21931e-05
3731,2.734418,,7.21786e-05
3732,2.669831,,7.2164e-05
3733,2.913444,,7.21495e-05
3734,2.551441,,7.2135e-05
3735,3.174295,,7.21205e-05
3736,2.575446,,7.2106e-05
3737,2.873723,,7.20914e-05
3738,2.603956,,7.20769e-05
3739,2.722451,,7.20624e-05
3740,2.704174,,7.20478e-05
3741,2.951281,,7.20333e-05
3742,3.075006,,7.20188e-05
3743,2.456029,,7.20042e-05
3744,2.812516,,7.19897e-05
3745,2.345801,,7.19751e-05
3746,2.740141,,7.19606e-05
3747,2.865937,,7.1946e-05
3748,2.499860,,7.19315e-05
3749,2.893530,,7.19169e-05
3750,3.089926,3.153917,7.19024e-05
3751,3.193505,,7.18878e-05
3752,2.906549,,7.18733e-05
3753,2.448371,,7.18587e-05
3754,3.137001,,7.18441e-05
3755,2.637995,,7.18296e-05
3756,3.060199,,7.1815e-05
3757,3.602396,,7.18004e-05
3758,3.358411,,7.17859e-05
3759,3.116164,,7.17713e-05
3760,2.988472,,7.17567e-05
3761,3.153567,,7.17421e-05
3762,3.539573,,7.17275e-05
3763,3.770252,,7.17129e-05
3764,2.867182,,7.16984e-05
3765,3.611695,,7.16838e-05
3766,2.307906,,7.16692e-05
3767,2.096574,,7.16546e-05
3768,2.257649,,7.164e-05
3769,3.332083,,7.16254e-05
3770,3.556443,,7.16108e-05
3771,3.686779,,7.15962e-05
3772,3.464224,,7.15816e-05
3773,3.675413,,7.1567e-05
3774,3.663671,,7.15523e-05
3775,3.781420,,7.15377e-05
3776,3.271597,,7.15231e-05
3777,3.335354,,7.15085e-05
3778,3.444509,,7.14939e-05
3779,2.982521,,7.14793e-05
3780,2.933971,,7.14646e-05
3781,3.298325,,7.145e-05
3782,3.938296,,7.14354e-05
3783,3.485273,,7.14207e-05
3784,3.295942,,7.14061e-05
3785,2.873878,,7.13915e-05
3786,3.322428,,7.13768e-05
3787,2.833907,,7.13622e-05
3788,2.712026,,7.13476e-05
3789,2.971632,,7.13329e-05
3790,3.372101,,7.13183e-05
3791,2.915852,,7.13036e-05
3792,3.152425,,7.1289e-05
3793,3.245911,,7.12743e-05
3794,3.070288,,7.12597e-05
3795,3.615305,,7.1245e-05
3796,2.677076,,7.12303e-05
3797,2.928783,,7.12157e-05
3798,2.500779,,7.1201e-05
3799,2.578605,,7.11863e-05
3800,2.972405,,7.11717e-05
3801,3.223250,,7.1157e-05
3802,2.079085,,7.11423e-05
3803,3.262459,,7.11277e-05
3804,2.517842,,7.1113e-05
3805,2.834832,,7.10983e-05
3806,2.051605,,7.10836e-05
3807,2.438569,,7.10689e-05
3808,2.154859,,7.10542e-05
3809,3.256395,,7.10395e-05
3810,2.962165,,7.10249e-05
3811,2.976690,,7.10102e-05
3812,3.502815,,7.09955e-05
3813,3.632320,,7.09808e-05
3814,3.537092,,7.09661e-05
3815,2.592204,,7.09514e-05
3816,3.124174,,7.09367e-05
3817,2.973849,,7.0922e-05
3818,3.117982,,7.09072e-05
3819,3.123073,,7.08925e-05
3820,2.631443,,7.08778e-05
3821,3.131632,,7.08631e-05
3822,3.435301,,7.08484e-05
3823,3.222833,,7.08337e-05
3824,3.297814,,7.08189e-05
3825,3.342763,,7.08042e-05
3826,3.025238,,7.07895e-05
3827,2.935349,,7.07748e-05
3828,2.628276,,7.076e-05
3829,3.134386,,7.07453e-05
3830,2.870906,,7.07306e-05
3831,3.072788,,7.07158e-05
3832,3.049709,,7.07011e-05
3833,3.579287,,7.06864e-05
3834,2.685301,,7.06716e-05
3835,3.315034,,7.06569e-05
3836,2.860665,,7.06421e-05
3837,3.508575,,7.06274e-05
3838,3.155957,,7.06126e-05
3839,2.862882,,7.05979e-05
3840,3.507431,,7.05831e-05
3841,3.849173,,7.05683e-05
3842,3.857679,,7.05536e-05
3843,3.014821,,7.05388e-05
3844,3.622792,,7.0524e-05
3845,3.028924,,7.05093e-05
3846,3.153733,,7.04945e-05
3847,3.080032,,7.04797e-05
3848,3.591318,,7.0465e-05
3849,3.209642,,7.04502e-05
3850,3.514281,,7.04354e-05
3851,2.747812,,7.04206e-05
3852,2.821347,,7.04058e-05
3853,3.521353,,7.03911e-05
3854,2.874809,,7.03763e-05
3855,2.101115,,7.03615e-05
3856,1.862889,,7.03467e-05
3857,2.283728,,7.03319e-05
3858,2.952118,,7.03171e-05
3859,3.174911,,7.03023e-05
3860,2.507106,,7.02875e-05
3861,3.046306,,7.02727e-05
3862,2.926678,,7.02579e-05
3863,2.590025,,7.02431e-05
3864,3.076026,,7.02283e-05
3865,2.843788,,7.02135e-05
3866,2.752490,,7.01987e-05
3867,2.918996,,7.01838e-05
3868,2.606767,,7.0169e-05
3869,2.874638,,7.01542e-05
3870,3.029182,,7.01394e-05
3871,2.823065,,7.01246e-05
3872,2.508212,,7.01097e-05
3873,2.785201,,7.00949e-05
3874,3.083521,,7.00801e-05
3875,2.810659,,7.00653e-05
3876,2.817341,,7.00504e-05
3877,2.884446,,7.00356e-05
3878,2.973631,,7.00207e-05
3879,2.739577,,7.00059e-05
3880,2.536247,,6.99911e-05
3881,2.555378,,6.99762e-05
3882,2.792749,,6.99614e-05
3883,2.872627,,6.99465e-05
3884,3.096433,,6.99317e-05
3885,3.140872,,6.99168e-05
3886,2.907710,,6.9902e-05
3887,2.698073,,6.98871e-05
3888,2.980498,,6.98723e-05
3889,2.788085,,6.98574e-05
3890,2.704908,,6.98425e-05
3891,2.550679,,6.98277e-05
3892,3.184526,,6.98128e-05
3893,3.006862,,6.97979e-05
3894,2.823875,,6.97831e-05
3895,2.281978,,6.97682e-05
3896,3.194057,,6.97533e-05
3897,3.313567,,6.97384e-05
3898,2.685372,,6.97236e-05
3899,3.287537,,6.97087e-05
3900,3.143911,,6.96938e-05
3901,2.410623,,6.96789e-05
3902,2.329059,,6.9664e-05
3903,3.499035,,6.96491e-05
3904,2.821434,,6.96342e-05
3905,2.371665,,6.96193e-05
3906,3.148554,,6.96044e-05
3907,2.376669,,6.95895e-05
3908,2.805315,,6.95746e-05
3909,3.390298,,6.95597e-05
3910,3.172679,,6.95448e-05
3911,3.126014,,6.95299e-05
3912,3.158009,,6.9515e-05
3913,2.951125,,6.95001e-05
3914,2.702069,,6.94852e-05
3915,2.604866,,6.94703e-05
3916,3.079303,,6.94554e-05
3917,2.121903,,6.94405e-05
3918,2.734962,,6.94255e-05
3919,3.037272,,6.94106e-05
3920,2.871548,,6.93957e-05
3921,3.171810,,6.93808e-05
3922,2.528615,,6.93658e-05
3923,2.279557,,6.93509e-05
3924,2.886307,,6.9336e-05
3925,3.454015,,6.9321e-05
3926,2.547334,,6.93061e-05
3927,3.330071,,6.92912e-05
3928,2.835805,,6.92762e-05
3929,3.015457,,6.92613e-05
3930,3.217455,,6.92463e-05
3931,3.058208,,6.92314e-05
3932,3.064965,,6.92164e-05
3933,2.726017,,6.92015e-05
3934,2.476086,,6.91865e-05
3935,2.244921,,6.91716e-05
3936,2.095824,,6.91566e-05
3937,2.478394,,6.91417e-05
3938,3.503404,,6.91267e-05
3939,3.060045,,6.91117e-05
3940,3.114498,,6.90968e-05
3941,3.357158,,6.90818e-05
3942,2.517972,,6.90668e-05
3943,2.748960,,6.90519e-05
3944,2.221787,,6.90369e-05
3945,2.775741,,6.90219e-05
3946,3.075692,,6.90069e-05
3947,2.861954,,6.8992e-05
3948,3.052713,,6.8977e-05
3949,2.877141,,6.8962e-05
3950,2.308805,,6.8947e-05
3951,2.267137,,6.8932e-05
3952,2.770163,,6.8917e-05
3953,2.668375,,6.8902e-05
3954,2.793529,,6.8887e-05
3955,3.201322,,6.8872e-05
3956,2.609557,,6.8857e-05
3957,2.581699,,6.88421e-05
3958,3.161165,,6.8827e-05
3959,3.088320,,6.8812e-05
3960,2.583663,,6.8797e-05
3961,2.921944,,6.8782e-05
3962,2.750791,,6.8767e-05
3963,2.700720,,6.8752e-05
3964,2.043343,,6.8737e-05
3965,2.821143,,6.8722e-05
3966,2.975189,,6.8707e-05
3967,2.287266,,6.8692e-05
3968,2.307884,,6.86769e-05
3969,2.430928,,6.86619e-05
3970,2.599689,,6.86469e-05
3971,2.498615,,6.86319e-05
3972,2.285275,,6.86168e-05
3973,3.264158,,6.86018e-05
3974,3.577642,,6.85868e-05
3975,2.815702,,6.85717e-05
3976,2.676232,,6.85567e-05
3977,2.377660,,6.85417e-05
3978,2.834486,,6.85266e-05
3979,3.243555,,6.85116e-05
3980,2.589423,,6.84965e-05
3981,3.391900,,6.84815e-05
3982,2.895076,,6.84664e-05
3983,2.654188,,6.84514e-05
3984,3.322586,,6.84363e-05
3985,3.389471,,6.84213e-05
3986,2.549568,,6.84062e-05
3987,2.621633,,6.83912e-05
3988,3.064159,,6.83761e-05
3989,2.746978,,6.8361e-05
3990,2.791460,,6.8346e-05
3991,2.642796,,6.83309e-05
3992,2.281962,,6.83159e-05
3993,2.746068,,6.83008e-05
3994,3.123934,,6.82857e-05
3995,2.338883,,6.82706e-05
3996,2.280695,,6.82556e-05
3997,3.148597,,6.82405e-05
3998,2.914479,,6.82254e-05
3999,2.415684,,6.82103e-05
4000,2.622616,3.305786,6.81952e-05
4001,2.539807,,6.81802e-05
4002,2.376173,,6.81651e-05
4003,2.505228,,6.815e-05
4004,2.351569,,6.81349e-05
4005,2.675954,,6.81198e-05
4006,2.880421,,6.81047e-05
4007,2.868237,,6.80896e-05
4008,3.392612,,6.80745e-05
4009,3.239437,,6.80594e-05
4010,3.172300,,6.80443e-05
4011,3.666855,,6.80292e-05
4012,2.158603,,6.80141e-05
4013,2.158345,,6.7999e-05
4014,2.209119,,6.79839e-05
4015,2.673723,,6.79688e-05
4016,3.036204,,6.79537e-05
4017,3.198243,,6.79386e-05
4018,3.069098,,6.79234e-05
4019,2.834604,,6.79083e-05
4020,2.995297,,6.78932e-05
4021,3.010778,,6.78781e-05
4022,3.332657,,6.7863e-05
4023,2.645689,,6.78478e-05
4024,3.063425,,6.78327e-05
4025,2.417968,,6.78176e-05
4026,2.911608,,6.78024e-05
4027,2.530758,,6.77873e-05
4028,3.014714,,6.77722e-05
4029,3.071636,,6.7757e-05
4030,2.592486,,6.77419e-05
4031,3.384443,,6.77268e-05
4032,2.354509,,6.77116e-05
4033,3.446974,,6.76965e-05
4034,2.979731,,6.76813e-05
4035,3.778618,,6.76662e-05
4036,3.317622,,6.7651e-05
4037,3.195716,,6.76359e-05
4038,3.476434,,6.76207e-05
4039,3.209142,,6.76056e-05
4040,3.152708,,6.75904e-05
4041,3.198075,,6.75752e-05
4042,4.193728,,6.75601e-05
4043,3.738751,,6.75449e-05
4044,3.891596,,6.75297e-05
4045,3.140697,,6.75146e-05
4046,3.373145,,6.74994e-05
4047,3.212063,,6.74842e-05
4048,3.061651,,6.74691e-05
4049,3.427402,,6.74539e-05
4050,2.983168,,6.74387e-05
4051,2.767617,,6.74235e-05
4052,2.278154,,6.74084e-05
4053,3.231634,,6.73932e-05
4054,3.484076,,6.7378e-05
4055,2.249442,,6.73628e-05
4056,2.830176,,6.73476e-05
4057,3.279206,,6.73324e-05
4058,3.403242,,6.73172e-05
4059,3.160758,,6.73021e-05
4060,2.614977,,6.72869e-05
4061,2.959033,,6.72717e-05
4062,2.967721,,6.72565e-05
4063,3.530647,,6.72413e-05
4064,2.143965,,6.72261e-05
4065,2.627427,,6.72109e-05
4066,3.169049,,6.71957e-05
4067,3.039380,,6.71805e-05
4068,3.087803,,6.71652e-05
4069,3.031867,,6.715e-05
4070,2.877744,,6.71348e-05
4071,3.092804,,6.71196e-05
4072,3.478330,,6.71044e-05
4073,3.117608,,6.70892e-05
4074,3.187228,,6.7074e-05
4075,3.306784,,6.70587e-05
4076,3.336236,,6.70435e-05
4077,2.976268,,6.70283e-05
4078,3.606140,,6.70131e-05
4079,3.359107,,6.69978e-05
4080,3.449042,,6.69826e-05
4081,3.121300,,6.69674e-05
4082,3.363881,,6.69521e-05
4083,3.498748,,6.69369e-05
4084,3.412308,,6.69217e-05
4085,3.741650,,6.69064e-05
4086,3.375004,,6.68912e-05
4087,3.413473,,6.68759e-05
4088,3.358691,,6.68607e-05
4089,2.302052,,6.68454e-05
4090,2.291588,,6.68302e-05
4091,2.611347,,6.68149e-05
4092,2.389043,,6.67997e-05
4093,2.676588,,6.67844e-05
4094,2.917933,,6.67692e-05
4095,2.213645,,6.67539e-05
4096,2.062201,,6.67387e-05
4097,3.125021,,6.67234e-05
4098,2.834412,,6.67082e-05
4099,2.464065,,6.66929e-05
4100,2.225453,,6.66776e-05
4101,2.075731,,6.66624e-05
4102,2.145070,,6.66471e-05
4103,2.321324,,6.66318e-05
4104,3.271887,,6.66165e-05
4105,3.024794,,6.66013e-05
4106,3.491386,,6.6586e-05
4107,3.044346,,6.65707e-05
4108,3.452409,,6.65554e-05
4109,3.146236,,6.65402e-05
4110,3.274285,,6.65249e-05
4111,3.391674,,6.65096e-05
4112,3.542152,,6.64943e-05
4113,3.808819,,6.6479e-05
4114,3.706515,,6.64637e-05
4115,3.975474,,6.64484e-05
4116,3.541455,,6.64331e-05
4117,2.380182,,6.64178e-05
4118,3.144031,,6.64025e-05
4119,2.539505,,6.63872e-05
4120,3.007943,,6.63719e-05
4121,2.702731,,6.63566e-05
4122,2.791448,,6.63413e-05
4123,3.326238,,6.6326e-05
4124,2.506481,,6.63107e-05
4125,2.727767,,6.62954e-05
4126,2.403904,,6.62801e-05
4127,2.689685,,6.62648e-05
4128,2.507415,,6.62495e-05
4129,3.096502,,6.62342e-05
4130,2.856143,,6.62189e-05
4131,2.936429,,6.62035e-05
4132,2.712545,,6.61882e-05
4133,3.522359,,6.61729e-05
4134,2.872080,,6.61576e-05
4135,3.110813,,6.61422e-05
4136,3.110584,,6.61269e-05
4137,3.714535,,6.61116e-05
4138,3.465188,,6.60963e-05
4139,3.295429,,6.60809e-05
4140,2.902534,,6.60656e-05
4141,3.035727,,6.60502e-05
4142,2.310485,,6.60349e-05
4143,2.447353,,6.60196e-05
4144,3.721590,,6.60042e-05
4145,3.244599,,6.59889e-05
4146,2.936343,,6.59735e-05
4147,3.156852,,6.59582e-05
4148,3.071819,,6.59428e-05
4149,3.324597,,6.59275e-05
4150,2.835347,,6.59121e-05
4151,3.269686,,6.58968e-05
4152,2.851610,,6.58814e-05
4153,3.099675,,6.58661e-05
4154,3.006868,,6.58507e-05
4155,3.659300,,6.58354e-05
4156,2.984579,,6.582e-05
4157,2.552418,,6.58046e-05
4158,3.314537,,6.57893e-05
4159,2.733707,,6.57739e-05
4160,2.917805,,6.57585e-05
4161,2.574145,,6.57432e-05
4162,2.690827,,6.57278e-05
4163,3.477442,,6.57124e-05
4164,3.487630,,6.56971e-05
4165,3.466403,,6.56817e-05
4166,3.101478,,6.56663e-05
4167,2.690481,,6.56509e-05
4168,2.708982,,6.56355e-05
4169,2.806256,,6.56202e-05
4170,2.622880,,6.56048e-05
4171,3.095384,,6.55894e-05
4172,3.404208,,6.5574e-05
4173,3.032809,,6.55586e-05
4174,2.871798,,6.55432e-05
4175,2.818633,,6.55278e-05
4176,3.245920,,6.55124e-05
4177,2.839313,,6.5497e-05
4178,3.076357,,6.54816e-05
4179,3.205106,,6.54663e-05
4180,3.002126,,6.54508e-05
4181,2.747706,,6.54354e-05
4182,3.047142,,6.542e-05
4183,3.294217,,6.54046e-05
4184,3.927918,,6.53892e-05
4185,3.539786,,6.53738e-05
4186,3.217863,,6.53584e-05
4187,3.508481,,6.5343e-05
4188,3.347457,,6.53276e-05
4189,3.651178,,6.53122e-05
4190,3.560497,,6.52968e-05
4191,3.665145,,6.52813e-05
4192,3.026234,,6.52659e-05
4193,2.755543,,6.52505e-05
4194,2.995990,,6.52351e-05
4195,3.668634,,6.52197e-05
4196,3.566803,,6.52042e-05
4197,2.905464,,6.51888e-05
4198,3.012481,,6.51734e-05
4199,3.478029,,6.51579e-05
4200,3.163609,,6.51425e-05
4201,2.791163,,6.51271e-05
4202,3.254645,,6.51116e-05
4203,2.651439,,6.50962e-05
4204,2.471540,,6.50808e-05
4205,2.658165,,6.50653e-05
4206,2.525901,,6.50499e-05
4207,2.497740,,6.50344e-05
4208,2.465312,,6.5019e-05
4209,2.740907,,6.50035e-05
4210,2.882936,,6.49881e-05
4211,3.286931,,6.49726e-05
4212,2.928581,,6.49572e-05
4213,2.845028,,6.49417e-05
4214,2.268602,,6.49263e-05
4215,2.690719,,6.49108e-05
4216,3.119016,,6.48954e-05
4217,2.781250,,6.48799e-05
4218,2.788194,,6.48644e-05
4219,3.025442,,6.4849e-05
4220,3.613724,,6.48335e-05
4221,3.627996,,6.48181e-05
4222,3.211999,,6.48026e-05
4223,3.125389,,6.47871e-05
4224,2.565156,,6.47717e-05
4225,2.925619,,6.47562e-05
4226,2.946307,,6.47407e-05
4227,2.853383,,6.47252e-05
4228,3.125352,,6.47098e-05
4229,3.371930,,6.46943e-05
4230,2.986074,,6.46788e-05
4231,3.417943,,6.46633e-05
4232,3.148516,,6.46478e-05
4233,2.742516,,6.46324e-05
4234,2.760005,,6.46169e-05
4235,2.904881,,6.46014e-05
4236,2.929059,,6.45859e-05
4237,2.928749,,6.45704e-05
4238,3.011736,,6.45549e-05
4239,3.691265,,6.45394e-05
4240,3.303775,,6.45239e-05
4241,3.158349,,6.45084e-05
4242,2.629632,,6.44929e-05
4243,3.195182,,6.44774e-05
4244,2.710562,,6.44619e-05
4245,3.118221,,6.44464e-05
4246,3.404529,,6.44309e-05
4247,3.414813,,6.44154e-05
4248,3.066864,,6.43999e-05
4249,2.806645,,6.43844e-05
4250,3.379778,3.289182,6.43689e-05
4251,3.123095,,6.43534e-05
4252,3.624578,,6.43379e-05
4253,2.868085,,6.43223e-05
4254,3.243176,,6.43068e-05
4255,3.206246,,6.42913e-05
4256,2.716079,,6.42758e-05
4257,3.093723,,6.42603e-05
4258,2.622958,,6.42448e-05
4259,2.424205,,6.42292e-05
4260,2.734160,,6.42137e-05
4261,1.875969,,6.41982e-05
4262,2.984753,,6.41827e-05
4263,3.747312,,6.41671e-05
4264,3.119304,,6.41516e-05
4265,3.137978,,6.41361e-05
4266,3.208419,,6.41205e-05
4267,3.254799,,6.4105e-05
4268,3.445184,,6.40895e-05
4269,2.911047,,6.40739e-05
4270,3.331223,,6.40584e-05
4271,2.975008,,6.40428e-05
4272,3.228489,,6.40273e-05
4273,3.424684,,6.40117e-05
4274,3.751953,,6.39962e-05
4275,2.897144,,6.39807e-05
4276,3.474363,,6.39651e-05
4277,3.687720,,6.39496e-05
4278,3.238201,,6.3934e-05
4279,3.094686,,6.39185e-05
4280,2.602134,,6.39029e-05
4281,2.204985,,6.38873e-05
4282,2.470010,,6.38718e-05
4283,2.279257,,6.38562e-05
4284,2.712080,,6.38407e-05
4285,3.156251,,6.38251e-05
4286,2.814149,,6.38095e-05
4287,2.201763,,6.3794e-05
4288,2.454849,,6.37784e-05
4289,2.170844,,6.37628e-05
4290,2.837286,,6.37473e-05
4291,3.271049,,6.37317e-05
4292,2.714168,,6.37161e-05
4293,3.467460,,6.37006e-05
4294,3.917042,,6.3685e-05
4295,2.142430,,6.36694e-05
4296,3.015021,,6.36538e-05
4297,3.537481,,6.36382e-05
4298,3.616304,,6.36227e-05
4299,3.320787,,6.36071e-05
4300,2.792504,,6.35915e-05
4301,2.505035,,6.35759e-05
4302,2.391894,,6.35603e-05
4303,2.628233,,6.35447e-05
4304,2.957407,,6.35292e-05
4305,3.591636,,6.35136e-05
4306,3.405824,,6.3498e-05
4307,3.316662,,6.34824e-05
4308,3.861995,,6.34668e-05
4309,3.902569,,6.34512e-05
4310,3.453163,,6.34356e-05
4311,3.731804,,6.342e-05
4312,3.779267,,6.34044e-05
4313,2.922967,,6.33888e-05
4314,2.596383,,6.33732e-05
4315,2.408753,,6.33576e-05
4316,2.961495,,6.3342e-05
4317,2.674413,,6.33264e-05
4318,2.970308,,6.33108e-05
4319,2.664875,,6.32952e-05
4320,2.508548,,6.32795e-05
4321,2.821389,,6.32639e-05
4322,2.520632,,6.32483e-05
4323,2.929981,,6.32327e-05
4324,2.744620,,6.32171e-05
4325,3.183697,,6.32015e-05
4326,3.281400,,6.31858e-05
4327,2.824423,,6.31702e-05
4328,2.472939,,6.31546e-05
4329,3.072417,,6.3139e-05
4330,2.682627,,6.31233e-05
4331,2.402819,,6.31077e-05
4332,2.188900,,6.30921e-05
4333,2.413738,,6.30765e-05
4334,2.303488,,6.30608e-05
4335,2.681913,,6.30452e-05
4336,2.960004,,6.30296e-05
4337,3.295731,,6.30139e-05
4338,2.782122,,6.29983e-05
4339,2.524351,,6.29827e-05
4340,2.690464,,6.2967e-05
4341,2.377839,,6.29514e-05
4342,2.407142,,6.29357e-05
4343,2.669736,,6.29201e-05
4344,2.635772,,6.29045e-05
4345,2.958380,,6.28888e-05
4346,2.987265,,6.28732e-05
4347,3.704311,,6.28575e-05
4348,3.537763,,6.28419e-05
4349,2.780202,,6.28262e-05
4350,3.015815,,6.28106e-05
4351,2.927771,,6.27949e-05
4352,2.735825,,6.27792e-05
4353,1.792913,,6.27636e-05
4354,1.923207,,6.27479e-05
4355,2.277967,,6.27323e-05
4356,2.796354,,6.27166e-05
4357,2.630806,,6.27009e-05
4358,2.585465,,6.26853e-05
4359,2.820408,,6.26696e-05
4360,2.295606,,6.2654e-05
4361,2.735188,,6.26383e-05
4362,3.261032,,6.26226e-05
4363,2.701423,,6.2607e-05
4364,2.660231,,6.25913e-05
4365,3.400026,,6.25756e-05
4366,3.053477,,6.25599e-05
4367,3.272539,,6.25443e-05
4368,3.342990,,6.25286e-05
4369,3.631109,,6.25129e-05
4370,3.600822,,6.24972e-05
4371,3.320793,,6.24815e-05
4372,3.312291,,6.24659e-05
4373,3.313069,,6.24502e-05
4374,2.893454,,6.24345e-05
4375,3.004177,,6.24188e-05
4376,2.581090,,6.24031e-05
4377,3.099429,,6.23874e-05
4378,2.915246,,6.23717e-05
4379,3.335019,,6.23561e-05
4380,2.841022,,6.23404e-05
4381,3.734374,,6.23247e-05
4382,3.458662,,6.2309e-05
4383,3.353770,,6.22933e-05
4384,2.678203,,6.22776e-05
4385,3.022114,,6.22619e-05
4386,3.707427,,6.22462e-05
4387,3.095976,,6.22305e-05
4388,3.256494,,6.22148e-05
4389,2.806405,,6.21991e-05
4390,3.082327,,6.21834e-05
4391,3.101190,,6.21677e-05
4392,2.876756,,6.2152e-05
4393,3.208515,,6.21362e-05
4394,3.513608,,6.21205e-05
4395,3.065762,,6.21048e-05
4396,3.146093,,6.20891e-05
4397,3.453634,,6.20734e-05
4398,3.257125,,6.20577e-05
4399,2.946152,,6.2042e-05
4400,2.611021,,6.20262e-05
4401,3.245481,,6.20105e-05
4402,3.310785,,6.19948e-05
4403,3.720531,,6.19791e-05
4404,3.086409,,6.19634e-05
4405,2.773072,,6.19476e-05
4406,2.495950,,6.19319e-05
4407,3.146331,,6.19162e-05
4408,3.383107,,6.19005e-05
4409,3.465638,,6.18847e-05
4410,3.047666,,6.1869e-05
4411,3.441173,,6.18533e-05
4412,2.479435,,6.18375e-05
4413,2.571080,,6.18218e-05
4414,3.033990,,6.18061e-05
4415,3.304550,,6.17903e-05
4416,2.297291,,6.17746e-05
4417,2.730839,,6.17589e-05
4418,3.152876,,6.17431e-05
4419,3.209355,,6.17274e-05
4420,2.859072,,6.17116e-05
4421,2.660506,,6.16959e-05
4422,2.878624,,6.16801e-05
4423,2.758978,,6.16644e-05
4424,3.004379,,6.16486e-05
4425,2.706706,,6.16329e-05
4426,2.761845,,6.16171e-05
4427,3.111255,,6.16014e-05
4428,3.107287,,6.15856e-05
4429,3.082972,,6.15699e-05
4430,2.888427,,6.15541e-05
4431,3.029691,,6.15384e-05
4432,3.108787,,6.15226e-05
4433,3.132972,,6.15069e-05
4434,3.185843,,6.14911e-05
4435,3.623664,,6.14753e-05
4436,3.291620,,6.14596e-05
4437,3.710235,,6.14438e-05
4438,3.946349,,6.14281e-05
4439,3.656611,,6.14123e-05
4440,3.538366,,6.13965e-05
4441,3.637178,,6.13808e-05
4442,3.618292,,6.1365e-05
4443,3.293489,,6.13492e-05
4444,3.791582,,6.13334e-05
4445,3.316567,,6.13177e-05
4446,3.789795,,6.13019e-05
4447,3.549952,,6.12861e-05
4448,2.620407,,6.12703e-05
4449,3.245641,,6.12546e-05
4450,3.514102,,6.12388e-05
4451,3.782458,,6.1223e-05
4452,3.646539,,6.12072e-05
4453,3.525329,,6.11914e-05
4454,2.827211,,6.11757e-05
4455,2.838925,,6.11599e-05
4456,2.998766,,6.11441e-05
4457,3.038519,,6.11283e-05
4458,2.938646,,6.11125e-05
4459,3.915147,,6.10967e-05
4460,3.466674,,6.10809e-05
4461,3.241668,,6.10651e-05
4462,3.459178,,6.10493e-05
4463,3.034610,,6.10336e-05
4464,2.316682,,6.10178e-05
4465,3.574366,,6.1002e-05
4466,3.036121,,6.09862e-05
4467,3.337018,,6.09704e-05
4468,2.962730,,6.09546e-05
4469,3.184313,,6.09388e-05
4470,3.296816,,6.0923e-05
4471,3.646964,,6.09072e-05
4472,3.098051,,6.08914e-05
4473,3.149151,,6.08756e-05
4474,4.179548,,6.08597e-05
4475,3.847142,,6.08439e-05
4476,3.191130,,6.08281e-05
4477,3.307996,,6.08123e-05
4478,2.500524,,6.07965e-05
4479,3.151118,,6.07807e-05
4480,3.025078,,6.07649e-05
4481,2.741271,,6.07491e-05
4482,3.000779,,6.07333e-05
4483,2.936968,,6.07174e-05
4484,2.530507,,6.07016e-05
4485,2.847902,,6.06858e-05
4486,2.824694,,6.067e-05
4487,2.930255,,6.06542e-05
4488,2.941692,,6.06383e-05
4489,2.951069,,6.06225e-05
4490,2.828876,,6.06067e-05
4491,2.167823,,6.05909e-05
4492,2.648910,,6.0575e-05
4493,2.067038,,6.05592e-05
4494,2.259583,,6.05434e-05
4495,2.365504,,6.05275e-05
4496,2.106591,,6.05117e-05
4497,2.048183,,6.04959e-05
4498,2.297179,,6.048e-05
4499,2.712949,,6.04642e-05
4500,2.930107,3.144488,6.04484e-05
4501,2.415310,,6.04325e-05
4502,2.864249,,6.04167e-05
4503,2.370692,,6.04009e-05
4504,3.096519,,6.0385e-05
4505,3.236480,,6.03692e-05
4506,2.921216,,6.03533e-05
4507,3.086595,,6.03375e-05
4508,3.236757,,6.03217e-05
4509,2.956558,,6.03058e-05
4510,2.335361,,6.029e-05
4511,2.660740,,6.02741e-05
4512,2.716902,,6.02583e-05
4513,2.509466,,6.02424e-05
4514,2.313943,,6.02266e-05
4515,2.911181,,6.02107e-05
4516,2.487320,,6.01949e-05
4517,2.974703,,6.0179e-05
4518,2.602637,,6.01631e-05
4519,2.953384,,6.01473e-05
4520,3.167072,,6.01314e-05
4521,2.670737,,6.01156e-05
4522,2.585035,,6.00997e-05
4523,3.005885,,6.00839e-05
4524,3.192321,,6.0068e-05
4525,3.101944,,6.00521e-05
4526,3.345111,,6.00363e-05
4527,3.242812,,6.00204e-05
4528,3.463183,,6.00045e-05
4529,3.051861,,5.99887e-05
4530,2.451169,,5.99728e-05
4531,2.707517,,5.99569e-05
4532,2.665973,,5.99411e-05
4533,2.825995,,5.99252e-05
4534,2.471341,,5.99093e-05
4535,3.002676,,5.98934e-05
4536,2.817383,,5.98776e-05
4537,3.457647,,5.98617e-05
4538,3.126496,,5.98458e-05
4539,3.680751,,5.98299e-05
4540,3.123480,,5.98141e-05
4541,2.803447,,5.97982e-05
4542,3.416384,,5.97823e-05
4543,2.855147,,5.97664e-05
4544,2.619193,,5.97505e-05
4545,2.685041,,5.97347e-05
4546,3.114787,,5.97188e-05
4547,3.328452,,5.97029e-05
4548,3.037454,,5.9687e-05
4549,2.555585,,5.96711e-05
4550,3.499341,,5.96552e-05
4551,3.396911,,5.96393e-05
4552,3.258732,,5.96234e-05
4553,3.106888,,5.96076e-05
4554,2.946383,,5.95917e-05
4555,3.133068,,5.95758e-05
4556,2.914556,,5.95599e-05
4557,2.866346,,5.9544e-05
4558,2.739306,,5.95281e-05
4559,2.624520,,5.95122e-05
4560,3.317015,,5.94963e-05
4561,2.454454,,5.94804e-05
4562,2.802481,,5.94645e-05
4563,2.001499,,5.94486e-05
4564,2.473538,,5.94327e-05
4565,3.040091,,5.94168e-05
4566,3.155097,,5.94009e-05
4567,2.685275,,5.9385e-05
4568,2.963870,,5.93691e-05
4569,3.077388,,5.93532e-05
4570,2.762295,,5.93372e-05
4571,2.825753,,5.93213e-05
4572,3.494640,,5.93054e-05
4573,3.263924,,5.92895e-05
4574,2.828815,,5.92736e-05
4575,3.342341,,5.92577e-05
4576,3.308659,,5.92418e-05
4577,3.369736,,5.92259e-05
4578,2.528749,,5.92099e-05
4579,3.123954,,5.9194e-05
4580,3.161533,,5.91781e-05
4581,2.871627,,5.91622e-05
4582,2.937678,,5.91463e-05
4583,3.032598,,5.91304e-05
4584,2.314285,,5.91144e-05
4585,2.647840,,5.90985e-05
4586,2.849683,,5.90826e-05
4587,2.789201,,5.90667e-05
4588,2.665737,,5.90507e-05
4589,2.318263,,5.90348e-05
4590,2.753273,,5.90189e-05
4591,2.575157,,5.90029e-05
4592,3.023229,,5.8987e-05
4593,3.061157,,5.89711e-05
4594,2.911494,,5.89552e-05
4595,2.934057,,5.89392e-05
4596,2.752662,,5.89233e-05
4597,2.786179,,5.89074e-05
4598,2.572827,,5.88914e-05
4599,2.673203,,5.88755e-05
4600,2.663274,,5.88595e-05
4601,3.234890,,5.88436e-05
4602,2.685459,,5.88277e-05
4603,2.572173,,5.88117e-05
4604,2.707282,,5.87958e-05
4605,2.638593,,5.87799e-05
4606,2.901763,,5.87639e-05
4607,3.106903,,5.8748e-05
4608,2.638447,,5.8732e-05
4609,2.807549,,5.87161e-05
4610,2.774033,,5.87001e-05
4611,2.086631,,5.86842e-05
4612,2.492617,,5.86682e-05
4613,2.762321,,5.86523e-05
4614,2.440346,,5.86363e-05
4615,2.573095,,5.86204e-05
4616,2.285134,,5.86044e-05
4617,2.839618,,5.85885e-05
4618,2.432549,,5.85725e-05
4619,2.828889,,5.85566e-05
4620,2.278785,,5.85406e-05
4621,2.785768,,5.85247e-05
4622,2.587535,,5.85087e-05
4623,2.316535,,5.84927e-05
4624,1.967137,,5.84768e-05
4625,2.777793,,5.84608e-05
4626,2.496212,,5.84449e-05
4627,2.428840,,5.84289e-05
4628,2.885452,,5.84129e-05
4629,3.016990,,5.8397e-05
4630,2.161047,,5.8381e-05
4631,2.762635,,5.8365e-05
4632,2.458829,,5.83491e-05
4633,2.890175,,5.83331e-05
4634,2.464536,,5.83171e-05
4635,2.739122,,5.83012e-05
4636,2.904278,,5.82852e-05
4637,2.146543,,5.82692e-05
4638,2.249786,,5.82533e-05
4639,2.208337,,5.82373e-05
4640,2.722453,,5.82213e-05
4641,2.631412,,5.82053e-05
4642,2.677948,,5.81894e-05
4643,2.218668,,5.81734e-05
4644,2.913473,,5.81574e-05
4645,3.027827,,5.81414e-05
4646,3.505878,,5.81255e-05
4647,2.654728,,5.81095e-05
4648,3.113377,,5.80935e-05
4649,2.895740,,5.80775e-05
4650,2.879151,,5.80615e-05
4651,2.988695,,5.80456e-05
4652,3.314270,,5.80296e-05
4653,2.756022,,5.80136e-05
4654,3.352131,,5.79976e-05
4655,2.275856,,5.79816e-05
4656,2.580514,,5.79656e-05
4657,2.992233,,5.79497e-05
4658,2.497185,,5.79337e-05
4659,2.935613,,5.79177e-05
4660,3.097481,,5.79017e-05
4661,2.897954,,5.78857e-05
4662,2.905090,,5.78697e-05
4663,2.829087,,5.78537e-05
4664,2.390078,,5.78377e-05
4665,2.069102,,5.78217e-05
4666,2.667210,,5.78057e-05
4667,2.740274,,5.77897e-05
4668,2.640603,,5.77737e-05
4669,2.771461,,5.77577e-05
4670,2.706236,,5.77417e-05
4671,2.522354,,5.77257e-05
4672,2.634104,,5.77097e-05
4673,3.461160,,5.76937e-05
4674,3.290338,,5.76777e-05
4675,2.718166,,5.76617e-05
4676,2.314666,,5.76457e-05
4677,3.424701,,5.76297e-05
4678,3.537482,,5.76137e-05
4679,2.672961,,5.75977e-05
4680,3.295094,,5.75817e-05
4681,3.189321,,5.75657e-05
4682,3.410093,,5.75497e-05
4683,3.440798,,5.75337e-05
4684,2.906269,,5.75177e-05
4685,3.414049,,5.75017e-05
4686,2.640287,,5.74857e-05
4687,2.297112,,5.74697e-05
4688,2.736891,,5.74536e-05
4689,2.471957,,5.74376e-05
4690,2.698182,,5.74216e-05
4691,2.715482,,5.74056e-05
4692,3.217304,,5.73896e-05
4693,2.828390,,5.73736e-05
4694,3.193297,,5.73575e-05
4695,2.275358,,5.73415e-05
4696,2.740203,,5.73255e-05
4697,2.874570,,5.73095e-05
4698,3.146941,,5.72935e-05
4699,3.276871,,5.72775e-05
4700,2.955020,,5.72614e-05
4701,2.655424,,5.72454e-05
4702,3.305948,,5.72294e-05
4703,3.230057,,5.72134e-05
4704,2.901386,,5.71973e-05
4705,3.372900,,5.71813e-05
4706,2.729274,,5.71653e-05
4707,2.891343,,5.71493e-05
4708,2.708732,,5.71332e-05
4709,2.587064,,5.71172e-05
4710,2.678814,,5.71012e-05
4711,2.631430,,5.70851e-05
4712,3.344399,,5.70691e-05
4713,3.367074,,5.70531e-05
4714,3.275362,,5.7037e-05
4715,3.644700,,5.7021e-05
4716,3.858694,,5.7005e-05
4717,3.531894,,5.69889e-05
4718,3.733049,,5.69729e-05
4719,3.605146,,5.69569e-05
4720,3.292624,,5.69408e-05
4721,3.124595,,5.69248e-05
4722,2.932394,,5.69088e-05
4723,2.699096,,5.68927e-05
4724,2.991102,,5.68767e-05
4725,3.193277,,5.68606e-05
4726,3.219381,,5.68446e-05
4727,3.000022,,5.68286e-05
4728,3.228410,,5.68125e-05
4729,3.160659,,5.67965e-05
4730,2.958106,,5.67804e-05
4731,3.558021,,5.67644e-05
4732,3.740523,,5.67483e-05
4733,2.430527,,5.67323e-05
4734,2.606717,,5.67162e-05
4735,2.612358,,5.67002e-05
4736,3.451377,,5.66842e-05
4737,3.351363,,5.66681e-05
4738,3.730054,,5.66521e-05
4739,2.501231,,5.6636e-05
4740,2.293781,,5.662e-05
4741,2.118685,,5.66039e-05
4742,2.530505,,5.65878e-05
4743,3.094225,,5.65718e-05
4744,2.886864,,5.65557e-05
4745,3.101927,,5.65397e-05
4746,2.659454,,5.65236e-05
4747,2.804825,,5.65076e-05
4748,2.844630,,5.64915e-05
4749,2.578650,,5.64755e-05
4750,2.753692,3.206742,5.64594e-05
4751,3.205918,,5.64433e-05
4752,3.375393,,5.64273e-05
4753,3.408473,,5.64112e-05
4754,3.237567,,5.63952e-05
4755,3.342600,,5.63791e-05
4756,3.282179,,5.6363e-05
4757,3.376420,,5.6347e-05
4758,3.050943,,5.63309e-05
4759,2.765042,,5.63149e-05
4760,2.312363,,5.62988e-05
4761,2.091397,,5.62827e-05
4762,2.548980,,5.62667e-05
4763,2.660728,,5.62506e-05
4764,2.909499,,5.62345e-05
4765,2.483701,,5.62185e-05
4766,2.428252,,5.62024e-05
4767,2.863883,,5.61863e-05
4768,3.238780,,5.61703e-05
4769,3.074700,,5.61542e-05
4770,3.163206,,5.61381e-05
4771,2.718686,,5.6122e-05
4772,3.201887,,5.6106e-05
4773,2.717005,,5.60899e-05
4774,2.469939,,5.60738e-05
4775,2.731220,,5.60577e-05
4776,2.835108,,5.60417e-05
4777,3.005374,,5.60256e-05
4778,2.694950,,5.60095e-05
4779,2.717902,,5.59934e-05
4780,2.730320,,5.59774e-05
4781,2.480400,,5.59613e-05
4782,2.542171,,5.59452e-05
4783,2.492005,,5.59291e-05
4784,3.014333,,5.59131e-05
4785,2.944325,,5.5897e-05
4786,3.216116,,5.58809e-05
4787,2.993938,,5.58648e-05
4788,2.538469,,5.58487e-05
4789,3.150319,,5.58326e-05
4790,3.483377,,5.58166e-05
4791,3.344494,,5.58005e-05
4792,3.283543,,5.57844e-05
4793,2.878869,,5.57683e-05
4794,3.391351,,5.57522e-05
4795,2.784648,,5.57361e-05
4796,3.322764,,5.572e-05
4797,3.666480,,5.5704e-05
4798,3.250700,,5.56879e-05
4799,3.650813,,5.56718e-05
4800,3.169065,,5.56557e-05
4801,3.444146,,5.56396e-05
4802,3.472791,,5.56235e-05
4803,3.365564,,5.56074e-05
4804,3.499977,,5.55913e-05
4805,3.691122,,5.55752e-05
4806,3.506168,,5.55591e-05
4807,3.299805,,5.5543e-05
4808,3.354934,,5.5527e-05
4809,3.787934,,5.55109e-05
4810,3.589221,,5.54948e-05
4811,3.264757,,5.54787e-05
4812,3.392087,,5.54626e-05
4813,3.426194,,5.54465e-05
4814,3.491184,,5.54304e-05
4815,3.336597,,5.54143e-05
4816,3.549605,,5.53982e-05
4817,3.690226,,5.53821e-05
4818,3.648885,,5.5366e-05
4819,3.813809,,5.53499e-05
4820,3.781226,,5.53338e-05
4821,3.813543,,5.53177e-05
4822,3.959339,,5.53016e-05
4823,3.171399,,5.52855e-05
4824,2.959130,,5.52694e-05
4825,3.073331,,5.52533e-05
4826,2.958958,,5.52372e-05
4827,3.383389,,5.52211e-05
4828,3.800781,,5.52049e-05
4829,2.801617,,5.51888e-05
4830,2.760701,,5.51727e-05
4831,3.019085,,5.51566e-05
4832,2.724427,,5.51405e-05
4833,3.079427,,5.51244e-05
4834,2.770919,,5.51083e-05
4835,2.781643,,5.50922e-05
4836,2.898063,,5.50761e-05
4837,2.665239,,5.506e-05
4838,3.346595,,5.50439e-05
4839,3.083509,,5.50278e-05
4840,3.082873,,5.50116e-05
4841,2.875566,,5.49955e-05
4842,3.205697,,5.49794e-05
4843,3.162657,,5.49633e-05
4844,2.965857,,5.49472e-05
4845,3.021097,,5.49311e-05
4846,3.031235,,5.4915e-05
4847,3.408920,,5.48988e-05
4848,3.310713,,5.48827e-05
4849,3.200809,,5.48666e-05
4850,3.647894,,5.48505e-05
4851,3.725273,,5.48344e-05
4852,3.471014,,5.48183e-05
4853,2.786206,,5.48021e-05
4854,3.149429,,5.4786e-05
4855,2.739764,,5.47699e-05
4856,3.039644,,5.47538e-05
4857,3.406924,,5.47377e-05
4858,3.438656,,5.47215e-05
4859,3.118144,,5.47054e-05
4860,3.188999,,5.46893e-05
4861,2.604949,,5.46732e-05
4862,3.464180,,5.4657e-05
4863,3.432279,,5.46409e-05
4864,3.590431,,5.46248e-05
4865,2.886705,,5.46087e-05
4866,3.019856,,5.45926e-05
4867,2.906555,,5.45764e-05
4868,2.755109,,5.45603e-05
4869,2.406286,,5.45442e-05
4870,2.510632,,5.4528e-05
4871,2.161751,,5.45119e-05
4872,1.958564,,5.44958e-05
4873,2.022722,,5.44797e-05
4874,2.883718,,5.44635e-05
4875,2.652521,,5.44474e-05
4876,2.872501,,5.44313e-05
4877,2.551928,,5.44151e-05
4878,2.324392,,5.4399e-05
4879,2.337960,,5.43829e-05
4880,2.161089,,5.43667e-05
4881,2.248413,,5.43506e-05
4882,2.781191,,5.43345e-05
4883,1.984796,,5.43184e-05
4884,2.421947,,5.43022e-05
4885,2.251968,,5.42861e-05
4886,2.995650,,5.42699e-05
4887,2.733608,,5.42538e-05
4888,2.789091,,5.42377e-05
4889,2.361953,,5.42215e-05
4890,2.349684,,5.42054e-05
4891,2.722124,,5.41893e-05
4892,2.294350,,5.41731e-05
4893,2.464017,,5.4157e-05
4894,2.398345,,5.41409e-05
4895,2.342488,,5.41247e-05
4896,2.097268,,5.41086e-05
4897,2.448784,,5.40924e-05
4898,2.257403,,5.40763e-05
4899,2.680229,,5.40602e-05
4900,2.383702,,5.4044e-05
4901,2.497210,,5.40279e-05
4902,2.306145,,5.40117e-05
4903,2.220289,,5.39956e-05
4904,2.525817,,5.39795e-05
4905,2.618632,,5.39633e-05
4906,2.538529,,5.39472e-05
4907,2.401569,,5.3931e-05
4908,1.987985,,5.39149e-05
4909,2.269858,,5.38987e-05
4910,2.119020,,5.38826e-05
4911,2.117706,,5.38664e-05
4912,1.927105,,5.38503e-05
4913,2.050586,,5.38342e-05
4914,2.327075,,5.3818e-05
4915,2.178689,,5.38019e-05
4916,2.369645,,5.37857e-05
4917,2.116114,,5.37696e-05
4918,1.977092,,5.37534e-05
4919,1.945941,,5.37373e-05
4920,2.212012,,5.37211e-05
4921,2.100496,,5.3705e-05
4922,2.714425,,5.36888e-05
4923,2.961256,,5.36727e-05
4924,2.602978,,5.36565e-05
4925,3.253273,,5.36404e-05
4926,2.932011,,5.36242e-05
4927,2.639924,,5.36081e-05
4928,2.768395,,5.35919e-05
4929,3.137229,,5.35758e-05
4930,2.842371,,5.35596e-05
4931,3.350731,,5.35435e-05
4932,3.452039,,5.35273e-05
4933,3.822813,,5.35112e-05
4934,3.862927,,5.3495e-05
4935,3.439727,,5.34788e-05
4936,3.703436,,5.34627e-05
4937,3.769694,,5.34465e-05
4938,4.069504,,5.34304e-05
4939,3.401825,,5.34142e-05
4940,3.439404,,5.33981e-05
4941,3.526239,,5.33819e-05
4942,3.291023,,5.33658e-05
4943,3.461461,,5.33496e-05
4944,3.970262,,5.33334e-05
4945,3.769186,,5.33173e-05
4946,2.686718,,5.33011e-05
4947,2.936676,,5.3285e-05
4948,2.756818,,5.32688e-05
4949,2.866604,,5.32527e-05
4950,2.487801,,5.32365e-05
4951,2.600220,,5.32203e-05
4952,2.479647,,5.32042e-05
4953,2.400719,,5.3188e-05
4954,2.500994,,5.31718e-05
4955,2.705791,,5.31557e-05
4956,2.836640,,5.31395e-05
4957,2.676069,,5.31234e-05
4958,2.390786,,5.31072e-05
4959,2.716825,,5.3091e-05
4960,2.638299,,5.30749e-05
4961,2.224338,,5.30587e-05
4962,2.115576,,5.30425e-05
4963,2.084556,,5.30264e-05
4964,2.275914,,5.30102e-05
4965,2.568178,,5.29941e-05
4966,2.355494,,5.29779e-05
4967,2.462329,,5.29617e-05
4968,2.881107,,5.29456e-05
4969,2.382187,,5.29294e-05
4970,2.300023,,5.29132e-05
4971,2.662441,,5.28971e-05
4972,2.958968,,5.28809e-05
4973,3.243657,,5.28647e-05
4974,3.130902,,5.28486e-05
4975,3.459739,,5.28324e-05
4976,3.382973,,5.28162e-05
4977,3.493626,,5.28001e-05
4978,3.159797,,5.27839e-05
4979,3.318991,,5.27677e-05
4980,3.834185,,5.27516e-05
4981,3.355283,,5.27354e-05
4982,3.360649,,5.27192e-05
4983,3.291155,,5.2703e-05
4984,3.742245,,5.26869e-05
4985,3.557798,,5.26707e-05
4986,2.891611,,5.26545e-05
4987,3.817168,,5.26384e-05
4988,3.829805,,5.26222e-05
4989,2.503170,,5.2606e-05
4990,1.996327,,5.25898e-05
4991,3.228503,,5.25737e-05
4992,2.822405,,5.25575e-05
4993,2.952662,,5.25413e-05
4994,3.086550,,5.25252e-05
4995,2.901077,,5.2509e-05
4996,2.556932,,5.24928e-05
4997,2.710976,,5.24766e-05
4998,2.802067,,5.24605e-05
4999,2.632482,,5.24443e-05
5000,3.011840,3.140299,5.24281e-05
5001,3.104879,,5.24119e-05
5002,2.893157,,5.23958e-05
5003,2.961875,,5.23796e-05
5004,2.484873,,5.23634e-05
5005,2.458986,,5.23472e-05
5006,2.278665,,5.23311e-05
5007,2.582969,,5.23149e-05
5008,2.688369,,5.22987e-05
5009,3.061184,,5.22825e-05
5010,2.584081,,5.22664e-05
5011,2.901628,,5.22502e-05
5012,2.707186,,5.2234e-05
5013,2.903150,,5.22178e-05
5014,2.843554,,5.22016e-05
5015,2.708047,,5.21855e-05
5016,2.493936,,5.21693e-05
5017,2.681806,,5.21531e-05
5018,2.283425,,5.21369e-05
5019,2.359479,,5.21207e-05
5020,1.577427,,5.21046e-05
5021,2.161658,,5.20884e-05
5022,2.223600,,5.20722e-05
5023,2.866644,,5.2056e-05
5024,2.777974,,5.20398e-05
5025,2.706605,,5.20237e-05
5026,2.594892,,5.20075e-05
5027,2.788702,,5.19913e-05
5028,2.832855,,5.19751e-05
5029,2.591929,,5.19589e-05
5030,2.817749,,5.19428e-05
5031,2.602529,,5.19266e-05
5032,2.638115,,5.19104e-05
5033,2.219491,,5.18942e-05
5034,1.946188,,5.1878e-05
5035,1.987921,,5.18619e-05
5036,2.320670,,5.18457e-05
5037,2.572245,,5.18295e-05
5038,3.393419,,5.18133e-05
5039,3.152292,,5.17971e-05
5040,3.293972,,5.17809e-05
5041,2.831075,,5.17648e-05
5042,3.134477,,5.17486e-05
5043,2.988639,,5.17324e-05
5044,3.150181,,5.17162e-05
5045,2.734070,,5.17e-05
5046,2.915056,,5.16838e-05
5047,2.476997,,5.16676e-05
5048,3.240033,,5.16515e-05
5049,2.828524,,5.16353e-05
5050,3.289354,,5.16191e-05
5051,3.166607,,5.16029e-05
5052,2.777717,,5.15867e-05
5053,2.985636,,5.15705e-05
5054,3.035020,,5.15544e-05
5055,3.261954,,5.15382e-05
5056,3.305958,,5.1522e-05
5057,3.114393,,5.15058e-05
5058,3.390278,,5.14896e-05
5059,3.266834,,5.14734e-05
5060,3.447078,,5.14572e-05
5061,3.539805,,5.1441e-05
5062,2.845763,,5.14249e-05
5063,3.074202,,5.14087e-05
5064,3.569722,,5.13925e-05
5065,2.969779,,5.13763e-05
5066,2.996923,,5.13601e-05
5067,3.018036,,5.13439e-05
5068,3.035964,,5.13277e-05
5069,2.991260,,5.13115e-05
5070,3.227469,,5.12954e-05
5071,3.017695,,5.12792e-05
5072,2.318033,,5.1263e-05
5073,2.928773,,5.12468e-05
5074,3.009780,,5.12306e-05
5075,3.319785,,5.12144e-05
5076,2.819812,,5.11982e-05
5077,2.887005,,5.1182e-05
5078,3.028587,,5.11658e-05
5079,3.323886,,5.11497e-05
5080,2.944904,,5.11335e-05
5081,3.132339,,5.11173e-05
5082,2.620776,,5.11011e-05
5083,3.044624,,5.10849e-05
5084,2.924515,,5.10687e-05
5085,2.822910,,5.10525e-05
5086,3.167491,,5.10363e-05
5087,3.018370,,5.10201e-05
5088,3.064880,,5.10039e-05
5089,2.626138,,5.09878e-05
5090,3.491294,,5.09716e-05
5091,3.231515,,5.09554e-05
5092,3.376141,,5.09392e-05
5093,3.070461,,5.0923e-05
5094,2.955035,,5.09068e-05
5095,2.640676,,5.08906e-05
5096,2.572686,,5.08744e-05
5097,2.971074,,5.08582e-05
5098,2.769898,,5.0842e-05
5099,3.023911,,5.08258e-05
5100,2.613439,,5.08097e-05
5101,2.871773,,5.07935e-05
5102,3.208838,,5.07773e-05
5103,2.779711,,5.07611e-05
5104,3.457781,,5.07449e-05
5105,2.883362,,5.07287e-05
5106,2.809392,,5.07125e-05
5107,3.064620,,5.06963e-05
5108,2.807885,,5.06801e-05
5109,3.273108,,5.06639e-05
5110,3.058009,,5.06477e-05
5111,2.949848,,5.06315e-05
5112,3.311409,,5.06153e-05
5113,2.738768,,5.05992e-05
5114,3.886640,,5.0583e-05
5115,2.951286,,5.05668e-05
5116,2.829969,,5.05506e-05
5117,3.897056,,5.05344e-05
5118,4.462252,,5.05182e-05
5119,4.847562,,5.0502e-05
5120,4.556675,,5.04858e-05
5121,4.245302,,5.04696e-05
5122,3.571622,,5.04534e-05
5123,4.604253,,5.04372e-05
5124,3.581983,,5.0421e-05
5125,3.768824,,5.04048e-05
5126,3.879103,,5.03886e-05
5127,4.000741,,5.03725e-05
5128,2.594246,,5.03563e-05
5129,2.813567,,5.03401e-05
5130,2.497280,,5.03239e-05
5131,3.015006,,5.03077e-05
5132,2.896025,,5.02915e-05
5133,3.074174,,5.02753e-05
5134,3.206736,,5.02591e-05
5135,3.324566,,5.02429e-05
5136,3.242536,,5.02267e-05
5137,3.095974,,5.02105e-05
5138,2.652008,,5.01943e-05
5139,2.534688,,5.01781e-05
5140,2.692342,,5.01619e-05
5141,2.890381,,5.01457e-05
5142,3.250412,,5.01296e-05
5143,2.391067,,5.01134e-05
5144,2.088044,,5.00972e-05
5145,2.403594,,5.0081e-05
5146,1.954040,,5.00648e-05
5147,2.398311,,5.00486e-05
5148,2.817954,,5.00324e-05
5149,3.374902,,5.00162e-05
5150,3.616792,,5e-05
5151,3.753494,,4.99838e-05
5152,3.648541,,4.99676e-05
5153,3.392721,,4.99514e-05
5154,2.873012,,4.99352e-05
5155,2.791397,,4.9919e-05
5156,2.310898,,4.99028e-05
5157,2.780743,,4.98866e-05
5158,3.133438,,4.98704e-05
5159,2.698222,,4.98543e-05
5160,3.184760,,4.98381e-05
5161,3.241376,,4.98219e-05
5162,3.346671,,4.98057e-05
5163,3.242437,,4.97895e-05
5164,3.457023,,4.97733e-05
5165,3.065511,,4.97571e-05
5166,3.405221,,4.97409e-05
5167,3.096051,,4.97247e-05
5168,2.815131,,4.97085e-05
5169,3.821324,,4.96923e-05
5170,3.449747,,4.96761e-05
5171,3.293517,,4.96599e-05
5172,3.434851,,4.96437e-05
5173,3.218307,,4.96275e-05
5174,3.125403,,4.96114e-05
5175,3.203046,,4.95952e-05
5176,3.733415,,4.9579e-05
5177,3.577695,,4.95628e-05
5178,3.655598,,4.95466e-05
5179,3.606425,,4.95304e-05
5180,3.134328,,4.95142e-05
5181,2.676608,,4.9498e-05
5182,2.717484,,4.94818e-05
5183,3.024804,,4.94656e-05
5184,3.000095,,4.94494e-05
5185,2.812139,,4.94332e-05
5186,2.470256,,4.9417e-05
5187,2.429891,,4.94008e-05
5188,3.121983,,4.93847e-05
5189,2.994653,,4.93685e-05
5190,2.427051,,4.93523e-05
5191,2.458656,,4.93361e-05
5192,3.041034,,4.93199e-05
5193,2.459167,,4.93037e-05
5194,2.790205,,4.92875e-05
5195,3.255192,,4.92713e-05
5196,2.956674,,4.92551e-05
5197,3.085408,,4.92389e-05
5198,3.197999,,4.92227e-05
5199,3.121502,,4.92065e-05
5200,3.343837,,4.91903e-05
5201,2.982200,,4.91742e-05
5202,2.640609,,4.9158e-05
5203,3.016379,,4.91418e-05
5204,3.319229,,4.91256e-05
5205,2.126622,,4.91094e-05
5206,2.530684,,4.90932e-05
5207,3.531505,,4.9077e-05
5208,3.047613,,4.90608e-05
5209,2.993220,,4.90446e-05
5210,3.107032,,4.90284e-05
5211,2.482155,,4.90122e-05
5212,2.874364,,4.89961e-05
5213,3.209160,,4.89799e-05
5214,2.651784,,4.89637e-05
5215,2.670172,,4.89475e-05
5216,2.430733,,4.89313e-05
5217,2.043499,,4.89151e-05
5218,2.286521,,4.88989e-05
5219,2.681454,,4.88827e-05
5220,2.832935,,4.88665e-05
5221,2.587987,,4.88503e-05
5222,2.280324,,4.88342e-05
5223,2.615238,,4.8818e-05
5224,2.453732,,4.88018e-05
5225,2.361029,,4.87856e-05
5226,2.629048,,4.87694e-05
5227,2.378262,,4.87532e-05
5228,2.519026,,4.8737e-05
5229,2.506909,,4.87208e-05
5230,2.897402,,4.87046e-05
5231,2.621574,,4.86885e-05
5232,2.166001,,4.86723e-05
5233,2.636398,,4.86561e-05
5234,3.048977,,4.86399e-05
5235,3.261422,,4.86237e-05
5236,3.156287,,4.86075e-05
5237,3.274173,,4.85913e-05
5238,2.856407,,4.85751e-05
5239,2.661186,,4.8559e-05
5240,2.176236,,4.85428e-05
5241,2.434110,,4.85266e-05
5242,2.152349,,4.85104e-05
5243,2.299137,,4.84942e-05
5244,2.841199,,4.8478e-05
5245,2.449086,,4.84618e-05
5246,2.821777,,4.84456e-05
5247,2.456517,,4.84295e-05
5248,2.950230,,4.84133e-05
5249,2.513825,,4.83971e-05
5250,2.838843,3.247699,4.83809e-05
5251,2.648221,,4.83647e-05
5252,3.096879,,4.83485e-05
5253,2.846888,,4.83324e-05
5254,2.707494,,4.83162e-05
5255,2.925646,,4.83e-05
5256,3.425503,,4.82838e-05
5257,3.255597,,4.82676e-05
5258,3.444105,,4.82514e-05
5259,3.181751,,4.82352e-05
5260,3.404514,,4.82191e-05
5261,3.080683,,4.82029e-05
5262,2.834871,,4.81867e-05
5263,3.286102,,4.81705e-05
5264,3.252906,,4.81543e-05
5265,3.523937,,4.81381e-05
5266,3.325966,,4.8122e-05
5267,3.243225,,4.81058e-05
5268,3.407920,,4.80896e-05
5269,2.800874,,4.80734e-05
5270,3.340934,,4.80572e-05
5271,2.893061,,4.80411e-05
5272,3.204349,,4.80249e-05
5273,3.514412,,4.80087e-05
5274,2.902262,,4.79925e-05
5275,3.070109,,4.79763e-05
5276,3.552103,,4.79602e-05
5277,3.892477,,4.7944e-05
5278,2.590346,,4.79278e-05
5279,2.125693,,4.79116e-05
5280,1.561409,,4.78954e-05
5281,2.060347,,4.78793e-05
5282,2.918374,,4.78631e-05
5283,2.921855,,4.78469e-05
5284,3.224749,,4.78307e-05
5285,2.609765,,4.78145e-05
5286,2.791471,,4.77984e-05
5287,2.863710,,4.77822e-05
5288,2.823219,,4.7766e-05
5289,3.701960,,4.77498e-05
5290,3.170373,,4.77336e-05
5291,3.449288,,4.77175e-05
5292,2.905977,,4.77013e-05
5293,3.597938,,4.76851e-05
5294,3.357942,,4.76689e-05
5295,2.722238,,4.76528e-05
5296,3.535399,,4.76366e-05
5297,3.610301,,4.76204e-05
5298,3.320857,,4.76042e-05
5299,4.006212,,4.75881e-05
5300,3.916180,,4.75719e-05
5301,3.755153,,4.75557e-05
5302,3.732617,,4.75395e-05
5303,3.563865,,4.75234e-05
5304,4.374856,,4.75072e-05
5305,4.006441,,4.7491e-05
5306,4.180549,,4.74748e-05
5307,3.669560,,4.74587e-05
5308,2.900343,,4.74425e-05
5309,2.591902,,4.74263e-05
5310,2.334452,,4.74102e-05
5311,2.967455,,4.7394e-05
5312,2.815073,,4.73778e-05
5313,3.537447,,4.73616e-05
5314,3.088410,,4.73455e-05
5315,3.182673,,4.73293e-05
5316,3.675166,,4.73131e-05
5317,3.418352,,4.7297e-05
5318,2.554552,,4.72808e-05
5319,3.350790,,4.72646e-05
5320,2.936801,,4.72484e-05
5321,2.995114,,4.72323e-05
5322,2.427019,,4.72161e-05
5323,2.827133,,4.71999e-05
5324,2.862207,,4.71838e-05
5325,2.991835,,4.71676e-05
5326,2.734058,,4.71514e-05
5327,3.295172,,4.71353e-05
5328,3.512783,,4.71191e-05
5329,3.181876,,4.71029e-05
5330,3.290024,,4.70868e-05
5331,3.464895,,4.70706e-05
5332,3.401016,,4.70544e-05
5333,3.465540,,4.70383e-05
5334,3.396266,,4.70221e-05
5335,3.692519,,4.70059e-05
5336,2.815899,,4.69898e-05
5337,2.417082,,4.69736e-05
5338,2.796249,,4.69575e-05
5339,2.888066,,4.69413e-05
5340,3.095992,,4.69251e-05
5341,2.521771,,4.6909e-05
5342,2.646523,,4.68928e-05
5343,2.543005,,4.68766e-05
5344,2.638218,,4.68605e-05
5345,3.120505,,4.68443e-05
5346,2.507169,,4.68282e-05
5347,3.002476,,4.6812e-05
5348,2.485437,,4.67958e-05
5349,3.033588,,4.67797e-05
5350,2.294358,,4.67635e-05
5351,2.304831,,4.67473e-05
5352,2.575950,,4.67312e-05
5353,2.882046,,4.6715e-05
5354,2.681872,,4.66989e-05
5355,2.990150,,4.66827e-05
5356,2.697881,,4.66666e-05
5357,2.484809,,4.66504e-05
5358,2.552076,,4.66342e-05
5359,2.568372,,4.66181e-05
5360,2.569145,,4.66019e-05
5361,3.059669,,4.65858e-05
5362,2.688127,,4.65696e-05
5363,2.707597,,4.65535e-05
5364,2.695353,,4.65373e-05
5365,2.311491,,4.65212e-05
5366,2.253016,,4.6505e-05
5367,2.827269,,4.64888e-05
5368,2.869442,,4.64727e-05
5369,2.946455,,4.64565e-05
5370,2.418108,,4.64404e-05
5371,2.251597,,4.64242e-05
5372,2.535980,,4.64081e-05
5373,3.045861,,4.63919e-05
5374,2.634847,,4.63758e-05
5375,3.360853,,4.63596e-05
5376,3.380631,,4.63435e-05
5377,3.301508,,4.63273e-05
5378,3.099345,,4.63112e-05
5379,3.344399,,4.6295e-05
5380,3.192394,,4.62789e-05
5381,3.670877,,4.62627e-05
5382,3.342873,,4.62466e-05
5383,3.232491,,4.62304e-05
5384,3.152952,,4.62143e-05
5385,2.726612,,4.61981e-05
5386,2.936146,,4.6182e-05
5387,3.326885,,4.61658e-05
5388,3.493515,,4.61497e-05
5389,3.202461,,4.61336e-05
5390,3.808625,,4.61174e-05
5391,3.065152,,4.61013e-05
5392,3.352757,,4.60851e-05
5393,2.809461,,4.6069e-05
5394,3.109165,,4.60528e-05
5395,3.325058,,4.60367e-05
5396,3.267581,,4.60205e-05
5397,2.719895,,4.60044e-05
5398,3.587509,,4.59883e-05
5399,3.441578,,4.59721e-05
5400,3.463288,,4.5956e-05
5401,3.595249,,4.59398e-05
5402,2.623118,,4.59237e-05
5403,2.864064,,4.59076e-05
5404,3.113585,,4.58914e-05
5405,3.340725,,4.58753e-05
5406,3.723759,,4.58591e-05
5407,3.640101,,4.5843e-05
5408,3.924788,,4.58269e-05
5409,3.365247,,4.58107e-05
5410,3.548277,,4.57946e-05
5411,3.513500,,4.57785e-05
5412,2.991027,,4.57623e-05
5413,3.143067,,4.57462e-05
5414,2.914769,,4.57301e-05
5415,2.852174,,4.57139e-05
5416,3.056658,,4.56978e-05
5417,2.840085,,4.56816e-05
5418,2.178127,,4.56655e-05
5419,2.772562,,4.56494e-05
5420,3.038382,,4.56333e-05
5421,2.527428,,4.56171e-05
5422,3.598272,,4.5601e-05
5423,3.520814,,4.55849e-05
5424,1.897398,,4.55687e-05
5425,1.887479,,4.55526e-05
5426,2.838228,,4.55365e-05
5427,3.236073,,4.55203e-05
5428,2.305590,,4.55042e-05
5429,2.800473,,4.54881e-05
5430,3.111146,,4.5472e-05
5431,2.918484,,4.54558e-05
5432,3.357658,,4.54397e-05
5433,3.040317,,4.54236e-05
5434,2.885213,,4.54074e-05
5435,3.320145,,4.53913e-05
5436,3.384796,,4.53752e-05
5437,2.930653,,4.53591e-05
5438,3.285655,,4.5343e-05
5439,2.868685,,4.53268e-05
5440,3.117409,,4.53107e-05
5441,2.991046,,4.52946e-05
5442,3.502519,,4.52785e-05
5443,3.446769,,4.52623e-05
5444,2.827473,,4.52462e-05
5445,3.045423,,4.52301e-05
5446,3.200876,,4.5214e-05
5447,2.767041,,4.51979e-05
5448,2.834426,,4.51817e-05
5449,2.519937,,4.51656e-05
5450,2.873253,,4.51495e-05
5451,2.400442,,4.51334e-05
5452,2.706793,,4.51173e-05
5453,2.828542,,4.51012e-05
5454,2.909317,,4.5085e-05
5455,3.033976,,4.50689e-05
5456,2.817744,,4.50528e-05
5457,2.921299,,4.50367e-05
5458,2.344481,,4.50206e-05
5459,3.253462,,4.50045e-05
5460,2.954002,,4.49884e-05
5461,2.419917,,4.49722e-05
5462,2.415713,,4.49561e-05
5463,2.500329,,4.494e-05
5464,2.960489,,4.49239e-05
5465,2.547037,,4.49078e-05
5466,2.284995,,4.48917e-05
5467,2.457047,,4.48756e-05
5468,2.704336,,4.48595e-05
5469,2.915756,,4.48434e-05
5470,3.144462,,4.48273e-05
5471,3.113686,,4.48112e-05
5472,2.926511,,4.47951e-05
5473,2.691272,,4.47789e-05
5474,3.206999,,4.47628e-05
5475,3.014726,,4.47467e-05
5476,3.184239,,4.47306e-05
5477,3.210153,,4.47145e-05
5478,3.057870,,4.46984e-05
5479,3.197785,,4.46823e-05
5480,2.633986,,4.46662e-05
5481,2.878301,,4.46501e-05
5482,2.783793,,4.4634e-05
5483,2.733086,,4.46179e-05
5484,2.769385,,4.46018e-05
5485,2.663798,,4.45857e-05
5486,1.896757,,4.45696e-05
5487,2.439229,,4.45535e-05
5488,3.299506,,4.45374e-05
5489,2.867180,,4.45213e-05
5490,2.512499,,4.45052e-05
5491,2.616971,,4.44891e-05
5492,2.514935,,4.4473e-05
5493,2.081109,,4.4457e-05
5494,2.910205,,4.44409e-05
5495,2.891305,,4.44248e-05
5496,3.002387,,4.44087e-05
5497,2.204690,,4.43926e-05
5498,2.911252,,4.43765e-05
5499,3.218475,,4.43604e-05
5500,2.923059,3.194194,4.43443e-05
5501,3.274801,,4.43282e-05
5502,2.923276,,4.43121e-05
5503,2.861771,,4.4296e-05
5504,3.204129,,4.428e-05
5505,3.181283,,4.42639e-05
5506,2.358088,,4.42478e-05
5507,2.098577,,4.42317e-05
5508,2.046526,,4.42156e-05
5509,2.559999,,4.41995e-05
5510,2.640258,,4.41834e-05
5511,2.215156,,4.41674e-05
5512,1.886595,,4.41513e-05
5513,2.516912,,4.41352e-05
5514,2.350183,,4.41191e-05
5515,2.166497,,4.4103e-05
5516,2.365961,,4.40869e-05
5517,1.919705,,4.40709e-05
5518,2.425035,,4.40548e-05
5519,2.068635,,4.40387e-05
5520,2.276287,,4.40226e-05
5521,2.430363,,4.40066e-05
5522,2.862848,,4.39905e-05
5523,2.764317,,4.39744e-05
5524,3.067831,,4.39583e-05
5525,3.039518,,4.39423e-05
5526,2.859336,,4.39262e-05
5527,2.985121,,4.39101e-05
5528,3.206101,,4.3894e-05
5529,2.592188,,4.3878e-05
5530,2.279790,,4.38619e-05
5531,2.531671,,4.38458e-05
5532,2.330192,,4.38297e-05
5533,2.417820,,4.38137e-05
5534,2.387639,,4.37976e-05
5535,3.040688,,4.37815e-05
5536,2.278072,,4.37655e-05
5537,2.664460,,4.37494e-05
5538,2.644524,,4.37333e-05
5539,2.194227,,4.37173e-05
5540,2.806869,,4.37012e-05
5541,2.552625,,4.36851e-05
5542,2.566003,,4.36691e-05
5543,2.795634,,4.3653e-05
5544,2.408588,,4.3637e-05
5545,2.492854,,4.36209e-05
5546,2.324481,,4.36048e-05
5547,1.936910,,4.35888e-05
5548,2.576005,,4.35727e-05
5549,2.452520,,4.35567e-05
5550,2.431110,,4.35406e-05
5551,2.451286,,4.35245e-05
5552,2.885371,,4.35085e-05
5553,2.750339,,4.34924e-05
5554,2.710148,,4.34764e-05
5555,2.782288,,4.34603e-05
5556,2.732030,,4.34443e-05
5557,3.159532,,4.34282e-05
5558,2.391649,,4.34122e-05
5559,2.786627,,4.33961e-05
5560,2.717310,,4.338e-05
5561,2.416823,,4.3364e-05
5562,2.842546,,4.33479e-05
5563,2.868447,,4.33319e-05
5564,2.419522,,4.33158e-05
5565,2.349317,,4.32998e-05
5566,2.505816,,4.32838e-05
5567,2.845906,,4.32677e-05
5568,3.310981,,4.32517e-05
5569,3.415811,,4.32356e-05
5570,3.129494,,4.32196e-05
5571,3.348935,,4.32035e-05
5572,3.275945,,4.31875e-05
5573,2.973099,,4.31714e-05
5574,2.845795,,4.31554e-05
5575,3.387863,,4.31394e-05
5576,3.371795,,4.31233e-05
5577,2.650377,,4.31073e-05
5578,3.095379,,4.30912e-05
5579,3.180804,,4.30752e-05
5580,3.210414,,4.30592e-05
5581,3.326358,,4.30431e-05
5582,2.967831,,4.30271e-05
5583,3.391693,,4.30111e-05
5584,3.673389,,4.2995e-05
5585,3.402182,,4.2979e-05
5586,3.255956,,4.2963e-05
5587,3.233261,,4.29469e-05
5588,3.558012,,4.29309e-05
5589,2.828218,,4.29149e-05
5590,3.565664,,4.28988e-05
5591,3.471406,,4.28828e-05
5592,3.370699,,4.28668e-05
5593,2.769582,,4.28507e-05
5594,2.698058,,4.28347e-05
5595,2.936421,,4.28187e-05
5596,2.958217,,4.28027e-05
5597,3.066657,,4.27866e-05
5598,2.752316,,4.27706e-05
5599,2.939648,,4.27546e-05
5600,2.819945,,4.27386e-05
5601,3.321589,,4.27225e-05
5602,2.948471,,4.27065e-05
5603,3.216802,,4.26905e-05
5604,2.864180,,4.26745e-05
5605,3.077876,,4.26585e-05
5606,2.846243,,4.26425e-05
5607,3.029951,,4.26264e-05
5608,2.995613,,4.26104e-05
5609,3.274694,,4.25944e-05
5610,2.433656,,4.25784e-05
5611,3.991902,,4.25624e-05
5612,3.930332,,4.25464e-05
5613,2.932491,,4.25303e-05
5614,3.373966,,4.25143e-05
5615,3.124915,,4.24983e-05
5616,3.081310,,4.24823e-05
5617,3.525757,,4.24663e-05
5618,2.928079,,4.24503e-05
5619,2.456344,,4.24343e-05
5620,2.755039,,4.24183e-05
5621,2.837147,,4.24023e-05
5622,3.017856,,4.23863e-05
5623,3.053919,,4.23703e-05
5624,3.417611,,4.23543e-05
5625,2.889918,,4.23383e-05
5626,2.910642,,4.23223e-05
5627,3.778230,,4.23063e-05
5628,3.751968,,4.22903e-05
5629,3.519294,,4.22743e-05
5630,3.565664,,4.22583e-05
5631,3.254251,,4.22423e-05
5632,2.963502,,4.22263e-05
5633,2.980828,,4.22103e-05
5634,3.576067,,4.21943e-05
5635,3.687352,,4.21783e-05
5636,3.646801,,4.21623e-05
5637,3.771845,,4.21463e-05
5638,3.797942,,4.21303e-05
5639,3.951104,,4.21143e-05
5640,3.769288,,4.20983e-05
5641,4.106612,,4.20823e-05
5642,3.288950,,4.20663e-05
5643,3.375586,,4.20503e-05
5644,4.033676,,4.20344e-05
5645,3.679033,,4.20184e-05
5646,3.625932,,4.20024e-05
5647,3.575300,,4.19864e-05
5648,2.341231,,4.19704e-05
5649,3.226126,,4.19544e-05
5650,3.554741,,4.19385e-05
5651,3.157790,,4.19225e-05
5652,3.196431,,4.19065e-05
5653,2.445559,,4.18905e-05
5654,2.862708,,4.18745e-05
5655,2.718858,,4.18586e-05
5656,3.108195,,4.18426e-05
5657,3.283731,,4.18266e-05
5658,2.738177,,4.18106e-05
5659,2.820213,,4.17947e-05
5660,3.150467,,4.17787e-05
5661,2.961355,,4.17627e-05
5662,2.749572,,4.17467e-05
5663,3.245245,,4.17308e-05
5664,3.316633,,4.17148e-05
5665,3.308105,,4.16988e-05
5666,3.162169,,4.16829e-05
5667,3.313804,,4.16669e-05
5668,2.936506,,4.16509e-05
5669,2.917442,,4.1635e-05
5670,2.782424,,4.1619e-05
5671,2.921694,,4.1603e-05
5672,3.209285,,4.15871e-05
5673,2.771533,,4.15711e-05
5674,2.689607,,4.15551e-05
5675,3.174581,,4.15392e-05
5676,2.846303,,4.15232e-05
5677,2.983338,,4.15073e-05
5678,3.075607,,4.14913e-05
5679,2.872305,,4.14753e-05
5680,2.244728,,4.14594e-05
5681,2.327058,,4.14434e-05
5682,2.420754,,4.14275e-05
5683,2.524149,,4.14115e-05
5684,2.448194,,4.13956e-05
5685,2.218978,,4.13796e-05
5686,2.392211,,4.13637e-05
5687,2.144585,,4.13477e-05
5688,2.449915,,4.13318e-05
5689,2.606951,,4.13158e-05
5690,2.414139,,4.12999e-05
5691,2.380564,,4.12839e-05
5692,2.536763,,4.1268e-05
5693,2.315640,,4.1252e-05
5694,2.281898,,4.12361e-05
5695,2.331656,,4.12201e-05
5696,2.407583,,4.12042e-05
5697,2.436033,,4.11883e-05
5698,2.752137,,4.11723e-05
5699,2.899126,,4.11564e-05
5700,2.638177,,4.11405e-05
5701,2.115127,,4.11245e-05
5702,2.903433,,4.11086e-05
5703,2.568233,,4.10926e-05
5704,2.760824,,4.10767e-05
5705,2.493540,,4.10608e-05
5706,2.854409,,4.10448e-05
5707,2.571221,,4.10289e-05
5708,2.986372,,4.1013e-05
5709,3.175356,,4.09971e-05
5710,3.536775,,4.09811e-05
5711,3.393601,,4.09652e-05
5712,3.228386,,4.09493e-05
5713,3.382236,,4.09333e-05
5714,3.032418,,4.09174e-05
5715,3.355546,,4.09015e-05
5716,3.182000,,4.08856e-05
5717,3.484512,,4.08696e-05
5718,3.374430,,4.08537e-05
5719,2.989757,,4.08378e-05
5720,3.450162,,4.08219e-05
5721,3.536880,,4.0806e-05
5722,2.437756,,4.07901e-05
5723,2.722971,,4.07741e-05
5724,3.726242,,4.07582e-05
5725,3.400753,,4.07423e-05
5726,3.016907,,4.07264e-05
5727,2.643715,,4.07105e-05
5728,2.371333,,4.06946e-05
5729,3.014680,,4.06787e-05
5730,2.858627,,4.06628e-05
5731,2.741930,,4.06468e-05
5732,2.648420,,4.06309e-05
5733,2.916313,,4.0615e-05
5734,2.697838,,4.05991e-05
5735,2.542656,,4.05832e-05
5736,2.501113,,4.05673e-05
5737,2.961422,,4.05514e-05
5738,3.641090,,4.05355e-05
5739,3.280272,,4.05196e-05
5740,2.222085,,4.05037e-05
5741,2.815801,,4.04878e-05
5742,2.568271,,4.04719e-05
5743,2.978419,,4.0456e-05
5744,3.001750,,4.04401e-05
5745,2.858476,,4.04242e-05
5746,3.296752,,4.04083e-05
5747,2.995442,,4.03924e-05
5748,2.830441,,4.03766e-05
5749,2.397341,,4.03607e-05
5750,2.789092,3.159261,4.03448e-05
5751,3.325826,,4.03289e-05
5752,3.022079,,4.0313e-05
5753,3.198918,,4.02971e-05
5754,3.058391,,4.02812e-05
5755,2.386231,,4.02653e-05
5756,2.545767,,4.02495e-05
5757,2.787829,,4.02336e-05
5758,2.830155,,4.02177e-05
5759,3.034964,,4.02018e-05
5760,3.155022,,4.01859e-05
5761,2.981174,,4.01701e-05
5762,2.991314,,4.01542e-05
5763,2.738052,,4.01383e-05
5764,3.277296,,4.01224e-05
5765,2.878526,,4.01066e-05
5766,3.126296,,4.00907e-05
5767,2.912472,,4.00748e-05
5768,3.007423,,4.00589e-05
5769,3.017624,,4.00431e-05
5770,2.563020,,4.00272e-05
5771,3.510387,,4.00113e-05
5772,2.575473,,3.99955e-05
5773,2.760002,,3.99796e-05
5774,3.739645,,3.99637e-05
5775,3.188247,,3.99479e-05
5776,2.860074,,3.9932e-05
5777,3.282218,,3.99161e-05
5778,2.625542,,3.99003e-05
5779,2.636173,,3.98844e-05
5780,2.727970,,3.98686e-05
5781,3.320840,,3.98527e-05
5782,3.311197,,3.98369e-05
5783,3.881894,,3.9821e-05
5784,3.841701,,3.98051e-05
5785,3.335531,,3.97893e-05
5786,2.615500,,3.97734e-05
5787,2.987431,,3.97576e-05
5788,2.669010,,3.97417e-05
5789,2.649000,,3.97259e-05
5790,2.292579,,3.971e-05
5791,2.297164,,3.96942e-05
5792,2.681907,,3.96783e-05
5793,3.063299,,3.96625e-05
5794,2.550867,,3.96467e-05
5795,2.640270,,3.96308e-05
5796,2.592561,,3.9615e-05
5797,3.094934,,3.95991e-05
5798,2.869041,,3.95833e-05
5799,3.235018,,3.95675e-05
5800,2.327292,,3.95516e-05
5801,2.485845,,3.95358e-05
5802,2.575691,,3.952e-05
5803,2.379393,,3.95041e-05
5804,3.082605,,3.94883e-05
5805,2.607931,,3.94725e-05
5806,2.448871,,3.94566e-05
5807,3.124117,,3.94408e-05
5808,3.658626,,3.9425e-05
5809,2.578689,,3.94091e-05
5810,2.745314,,3.93933e-05
5811,3.213255,,3.93775e-05
5812,3.306803,,3.93617e-05
5813,3.449130,,3.93458e-05
5814,3.221629,,3.933e-05
5815,3.529127,,3.93142e-05
5816,3.563861,,3.92984e-05
5817,3.330855,,3.92826e-05
5818,3.506178,,3.92667e-05
5819,4.046463,,3.92509e-05
5820,3.445567,,3.92351e-05
5821,3.153215,,3.92193e-05
5822,3.619844,,3.92035e-05
5823,3.889344,,3.91877e-05
5824,3.730739,,3.91719e-05
5825,3.401903,,3.91561e-05
5826,2.724826,,3.91403e-05
5827,3.081399,,3.91244e-05
5828,3.583594,,3.91086e-05
5829,3.192869,,3.90928e-05
5830,3.451669,,3.9077e-05
5831,3.494737,,3.90612e-05
5832,2.621032,,3.90454e-05
5833,3.414064,,3.90296e-05
5834,2.940795,,3.90138e-05
5835,3.254437,,3.8998e-05
5836,3.532604,,3.89822e-05
5837,2.904406,,3.89664e-05
5838,2.844074,,3.89507e-05
5839,2.690548,,3.89349e-05
5840,2.919589,,3.89191e-05
5841,2.820108,,3.89033e-05
5842,3.210103,,3.88875e-05
5843,3.172070,,3.88717e-05
5844,3.412510,,3.88559e-05
5845,3.028410,,3.88401e-05
5846,3.355500,,3.88243e-05
5847,3.526947,,3.88086e-05
5848,3.432983,,3.87928e-05
5849,3.301863,,3.8777e-05
5850,3.268557,,3.87612e-05
5851,2.866321,,3.87454e-05
5852,3.037397,,3.87297e-05
5853,2.764213,,3.87139e-05
5854,3.345050,,3.86981e-05
5855,3.475367,,3.86823e-05
5856,2.873768,,3.86666e-05
5857,3.256473,,3.86508e-05
5858,3.495553,,3.8635e-05
5859,3.507511,,3.86192e-05
5860,3.753850,,3.86035e-05
5861,3.593166,,3.85877e-05
5862,3.341381,,3.85719e-05
5863,3.360041,,3.85562e-05
5864,2.652648,,3.85404e-05
5865,2.577394,,3.85247e-05
5866,2.683434,,3.85089e-05
5867,2.678659,,3.84931e-05
5868,2.878580,,3.84774e-05
5869,3.062848,,3.84616e-05
5870,2.690212,,3.84459e-05
5871,3.237267,,3.84301e-05
5872,2.724419,,3.84144e-05
5873,2.853414,,3.83986e-05
5874,2.729389,,3.83829e-05
5875,2.689311,,3.83671e-05
5876,2.501085,,3.83514e-05
5877,2.851879,,3.83356e-05
5878,2.811177,,3.83199e-05
5879,2.534630,,3.83041e-05
5880,2.566165,,3.82884e-05
5881,2.986912,,3.82726e-05
5882,2.917652,,3.82569e-05
5883,1.772998,,3.82411e-05
5884,2.839502,,3.82254e-05
5885,2.736341,,3.82097e-05
5886,2.636873,,3.81939e-05
5887,2.564372,,3.81782e-05
5888,2.295440,,3.81625e-05
5889,2.523003,,3.81467e-05
5890,2.465667,,3.8131e-05
5891,3.004790,,3.81153e-05
5892,2.367037,,3.80995e-05
5893,2.060891,,3.80838e-05
5894,2.959321,,3.80681e-05
5895,2.440956,,3.80524e-05
5896,3.373783,,3.80366e-05
5897,2.974106,,3.80209e-05
5898,3.089159,,3.80052e-05
5899,3.122273,,3.79895e-05
5900,2.942732,,3.79738e-05
5901,3.594906,,3.7958e-05
5902,3.774819,,3.79423e-05
5903,3.456885,,3.79266e-05
5904,3.202218,,3.79109e-05
5905,3.249705,,3.78952e-05
5906,3.342178,,3.78795e-05
5907,3.355325,,3.78638e-05
5908,3.553629,,3.7848e-05
5909,3.680433,,3.78323e-05
5910,3.768649,,3.78166e-05
5911,3.428586,,3.78009e-05
5912,2.751503,,3.77852e-05
5913,3.184203,,3.77695e-05
5914,2.935084,,3.77538e-05
5915,2.821064,,3.77381e-05
5916,2.822413,,3.77224e-05
5917,2.860564,,3.77067e-05
5918,3.249228,,3.7691e-05
5919,3.272788,,3.76753e-05
5920,3.591699,,3.76596e-05
5921,3.602484,,3.76439e-05
5922,3.645133,,3.76283e-05
5923,3.404080,,3.76126e-05
5924,2.696075,,3.75969e-05
5925,2.689773,,3.75812e-05
5926,2.931921,,3.75655e-05
5927,3.279437,,3.75498e-05
5928,3.464234,,3.75341e-05
5929,3.416874,,3.75185e-05
5930,2.647071,,3.75028e-05
5931,3.470222,,3.74871e-05
5932,3.011712,,3.74714e-05
5933,2.424231,,3.74557e-05
5934,2.997807,,3.74401e-05
5935,2.669053,,3.74244e-05
5936,2.764401,,3.74087e-05
5937,2.639298,,3.7393e-05
5938,2.719359,,3.73774e-05
5939,2.590527,,3.73617e-05
5940,2.412470,,3.7346e-05
5941,2.798802,,3.73304e-05
5942,2.901703,,3.73147e-05
5943,2.641514,,3.72991e-05
5944,2.979198,,3.72834e-05
5945,3.308148,,3.72677e-05
5946,3.116719,,3.72521e-05
5947,3.517372,,3.72364e-05
5948,3.026356,,3.72208e-05
5949,2.812406,,3.72051e-05
5950,2.922841,,3.71894e-05
5951,2.943585,,3.71738e-05
5952,2.947066,,3.71581e-05
5953,3.243697,,3.71425e-05
5954,3.569426,,3.71268e-05
5955,3.143464,,3.71112e-05
5956,3.038693,,3.70955e-05
5957,3.504262,,3.70799e-05
5958,3.217825,,3.70643e-05
5959,3.568883,,3.70486e-05
5960,3.543397,,3.7033e-05
5961,3.330615,,3.70173e-05
5962,3.466318,,3.70017e-05
5963,2.908218,,3.69861e-05
5964,3.531888,,3.69704e-05
5965,2.820607,,3.69548e-05
5966,3.133441,,3.69392e-05
5967,3.286551,,3.69235e-05
5968,3.303825,,3.69079e-05
5969,3.212928,,3.68923e-05
5970,3.655021,,3.68767e-05
5971,3.314847,,3.6861e-05
5972,3.155477,,3.68454e-05
5973,3.451155,,3.68298e-05
5974,2.708364,,3.68142e-05
5975,3.465731,,3.67985e-05
5976,3.557772,,3.67829e-05
5977,3.758984,,3.67673e-05
5978,3.388289,,3.67517e-05
5979,3.313130,,3.67361e-05
5980,2.757641,,3.67205e-05
5981,3.812292,,3.67048e-05
5982,3.880350,,3.66892e-05
5983,3.073367,,3.66736e-05
5984,2.658854,,3.6658e-05
5985,3.056381,,3.66424e-05
5986,3.228686,,3.66268e-05
5987,3.234049,,3.66112e-05
5988,2.923839,,3.65956e-05
5989,3.329306,,3.658e-05
5990,3.099410,,3.65644e-05
5991,3.064385,,3.65488e-05
5992,3.270065,,3.65332e-05
5993,3.326023,,3.65176e-05
5994,3.431383,,3.6502e-05
5995,3.367487,,3.64864e-05
5996,3.316635,,3.64708e-05
5997,3.904250,,3.64553e-05
5998,3.654571,,3.64397e-05
5999,2.899154,,3.64241e-05
6000,2.741028,3.130818,3.64085e-05
6001,3.155235,,3.63929e-05
6002,2.859401,,3.63773e-05
6003,3.343261,,3.63618e-05
6004,2.929249,,3.63462e-05
6005,2.630569,,3.63306e-05
6006,3.233819,,3.6315e-05
6007,3.109934,,3.62994e-05
6008,2.579438,,3.62839e-05
6009,2.753469,,3.62683e-05
6010,2.808475,,3.62527e-05
6011,3.101555,,3.62372e-05
6012,3.080946,,3.62216e-05
6013,3.095790,,3.6206e-05
6014,3.469754,,3.61905e-05
6015,3.486524,,3.61749e-05
6016,3.744955,,3.61593e-05
6017,2.818386,,3.61438e-05
6018,2.396123,,3.61282e-05
6019,2.677404,,3.61127e-05
6020,2.404587,,3.60971e-05
6021,2.517751,,3.60815e-05
6022,2.498963,,3.6066e-05
6023,2.540550,,3.60504e-05
6024,2.833886,,3.60349e-05
6025,3.120464,,3.60193e-05
6026,2.618200,,3.60038e-05
6027,2.632143,,3.59883e-05
6028,2.762882,,3.59727e-05
6029,2.571526,,3.59572e-05
6030,2.581048,,3.59416e-05
6031,2.194212,,3.59261e-05
6032,2.523860,,3.59105e-05
6033,2.709190,,3.5895e-05
6034,3.121111,,3.58795e-05
6035,2.408983,,3.58639e-05
6036,2.544099,,3.58484e-05
6037,3.029956,,3.58329e-05
6038,2.171149,,3.58173e-05
6039,2.353815,,3.58018e-05
6040,2.666949,,3.57863e-05
6041,2.473156,,3.57708e-05
6042,2.802291,,3.57552e-05
6043,2.885806,,3.57397e-05
6044,3.034345,,3.57242e-05
6045,2.864392,,3.57087e-05
6046,2.702171,,3.56932e-05
6047,2.888959,,3.56777e-05
6048,2.808671,,3.56621e-05
6049,2.612585,,3.56466e-05
6050,2.864690,,3.56311e-05
6051,2.958859,,3.56156e-05
6052,2.773363,,3.56001e-05
6053,2.391273,,3.55846e-05
6054,2.520691,,3.55691e-05
6055,2.618451,,3.55536e-05
6056,2.395405,,3.55381e-05
6057,2.626773,,3.55226e-05
6058,2.115838,,3.55071e-05
6059,2.115924,,3.54916e-05
6060,2.927227,,3.54761e-05
6061,2.613215,,3.54606e-05
6062,3.015287,,3.54451e-05
6063,2.972845,,3.54296e-05
6064,2.989644,,3.54141e-05
6065,2.679321,,3.53986e-05
6066,2.851344,,3.53831e-05
6067,3.450157,,3.53676e-05
6068,3.214078,,3.53522e-05
6069,3.073282,,3.53367e-05
6070,3.570263,,3.53212e-05
6071,2.598249,,3.53057e-05
6072,3.104912,,3.52902e-05
6073,3.684304,,3.52748e-05
6074,3.182748,,3.52593e-05
6075,3.049566,,3.52438e-05
6076,3.141998,,3.52283e-05
6077,3.019180,,3.52129e-05
6078,3.116231,,3.51974e-05
6079,2.256212,,3.51819e-05
6080,2.796054,,3.51665e-05
6081,2.938840,,3.5151e-05
6082,3.100960,,3.51356e-05
6083,3.675006,,3.51201e-05
6084,2.827735,,3.51046e-05
6085,2.605143,,3.50892e-05
6086,2.982773,,3.50737e-05
6087,3.142188,,3.50583e-05
6088,2.986194,,3.50428e-05
6089,2.314219,,3.50274e-05
6090,2.436851,,3.50119e-05
6091,3.115469,,3.49965e-05
6092,3.031634,,3.4981e-05
6093,2.705378,,3.49656e-05
6094,2.900441,,3.49501e-05
6095,2.689177,,3.49347e-05
6096,2.842575,,3.49192e-05
6097,3.421930,,3.49038e-05
6098,2.701462,,3.48884e-05
6099,2.306144,,3.48729e-05
6100,2.132830,,3.48575e-05
6101,2.877128,,3.48421e-05
6102,2.876282,,3.48266e-05
6103,3.582979,,3.48112e-05
6104,3.410116,,3.47958e-05
6105,2.771425,,3.47803e-05
6106,2.880137,,3.47649e-05
6107,2.874531,,3.47495e-05
6108,3.261675,,3.47341e-05
6109,3.633009,,3.47187e-05
6110,3.940385,,3.47032e-05
6111,3.209321,,3.46878e-05
6112,4.106359,,3.46724e-05
6113,3.376319,,3.4657e-05
6114,2.496833,,3.46416e-05
6115,2.421129,,3.46262e-05
6116,1.556785,,3.46108e-05
6117,2.378793,,3.45954e-05
6118,3.232295,,3.458e-05
6119,2.815913,,3.45646e-05
6120,2.696583,,3.45492e-05
6121,3.425649,,3.45337e-05
6122,3.175510,,3.45184e-05
6123,2.708823,,3.4503e-05
6124,3.696846,,3.44876e-05
6125,3.669597,,3.44722e-05
6126,3.393149,,3.44568e-05
6127,3.622651,,3.44414e-05
6128,3.130003,,3.4426e-05
6129,3.049792,,3.44106e-05
6130,2.978496,,3.43952e-05
6131,3.262006,,3.43798e-05
6132,3.251370,,3.43645e-05
6133,2.851727,,3.43491e-05
6134,2.856904,,3.43337e-05
6135,3.235721,,3.43183e-05
6136,3.380802,,3.43029e-05
6137,3.175239,,3.42876e-05
6138,3.317026,,3.42722e-05
6139,3.463116,,3.42568e-05
6140,2.869471,,3.42415e-05
6141,3.055681,,3.42261e-05
6142,3.457302,,3.42107e-05
6143,3.212070,,3.41954e-05
6144,3.385412,,3.418e-05
6145,3.497244,,3.41646e-05
6146,3.034986,,3.41493e-05
6147,2.900275,,3.41339e-05
6148,3.194250,,3.41186e-05
6149,2.820124,,3.41032e-05
6150,3.224080,,3.40879e-05
6151,3.078660,,3.40725e-05
6152,3.519715,,3.40572e-05
6153,3.035791,,3.40418e-05
6154,2.731491,,3.40265e-05
6155,3.239659,,3.40111e-05
6156,2.891554,,3.39958e-05
6157,3.289062,,3.39804e-05
6158,3.388452,,3.39651e-05
6159,2.797085,,3.39498e-05
6160,2.744881,,3.39344e-05
6161,2.691862,,3.39191e-05
6162,2.927961,,3.39037e-05
6163,2.801052,,3.38884e-05
6164,3.254452,,3.38731e-05
6165,3.242197,,3.38578e-05
6166,3.226695,,3.38424e-05
6167,2.864413,,3.38271e-05
6168,3.055262,,3.38118e-05
6169,2.367106,,3.37965e-05
6170,2.897424,,3.37811e-05
6171,2.960471,,3.37658e-05
6172,2.178884,,3.37505e-05
6173,3.282470,,3.37352e-05
6174,2.291380,,3.37199e-05
6175,2.333582,,3.37046e-05
6176,2.324064,,3.36893e-05
6177,3.433373,,3.3674e-05
6178,3.356929,,3.36587e-05
6179,3.536082,,3.36434e-05
6180,3.281726,,3.36281e-05
6181,3.050595,,3.36128e-05
6182,3.255375,,3.35975e-05
6183,2.897404,,3.35822e-05
6184,4.180260,,3.35669e-05
6185,3.436239,,3.35516e-05
6186,3.765383,,3.35363e-05
6187,3.877241,,3.3521e-05
6188,3.384422,,3.35057e-05
6189,3.894691,,3.34904e-05
6190,3.316965,,3.34751e-05
6191,3.445948,,3.34598e-05
6192,3.590021,,3.34446e-05
6193,3.204425,,3.34293e-05
6194,3.323989,,3.3414e-05
6195,3.316259,,3.33987e-05
6196,3.183958,,3.33835e-05
6197,3.023801,,3.33682e-05
6198,2.350384,,3.33529e-05
6199,2.725787,,3.33376e-05
6200,2.800928,,3.33224e-05
6201,2.982034,,3.33071e-05
6202,1.778370,,3.32918e-05
6203,2.911108,,3.32766e-05
6204,2.351152,,3.32613e-05
6205,1.491541,,3.32461e-05
6206,1.958229,,3.32308e-05
6207,2.329040,,3.32156e-05
6208,1.990762,,3.32003e-05
6209,2.455797,,3.31851e-05
6210,1.908401,,3.31698e-05
6211,1.933461,,3.31546e-05
6212,2.681029,,3.31393e-05
6213,2.330877,,3.31241e-05
6214,2.308245,,3.31088e-05
6215,2.760758,,3.30936e-05
6216,2.525326,,3.30783e-05
6217,2.657124,,3.30631e-05
6218,2.552524,,3.30479e-05
6219,2.629886,,3.30326e-05
6220,2.454400,,3.30174e-05
6221,2.447560,,3.30022e-05
6222,1.915634,,3.29869e-05
6223,2.531910,,3.29717e-05
6224,2.493443,,3.29565e-05
6225,2.341672,,3.29413e-05
6226,2.214509,,3.2926e-05
6227,3.096771,,3.29108e-05
6228,2.174265,,3.28956e-05
6229,2.290143,,3.28804e-05
6230,2.750561,,3.28652e-05
6231,2.136163,,3.285e-05
6232,2.443198,,3.28348e-05
6233,2.323578,,3.28195e-05
6234,2.223823,,3.28043e-05
6235,2.325777,,3.27891e-05
6236,2.626578,,3.27739e-05
6237,2.244874,,3.27587e-05
6238,2.356769,,3.27435e-05
6239,2.380160,,3.27283e-05
6240,2.296739,,3.27131e-05
6241,2.430682,,3.26979e-05
6242,3.211009,,3.26828e-05
6243,2.865267,,3.26676e-05
6244,2.554837,,3.26524e-05
6245,2.308993,,3.26372e-05
6246,2.330586,,3.2622e-05
6247,2.647034,,3.26068e-05
6248,3.125367,,3.25916e-05
6249,3.506846,,3.25765e-05
6250,3.675568,3.175786,3.25613e-05
6251,3.154710,,3.25461e-05
6252,4.208628,,3.25309e-05
6253,3.322323,,3.25158e-05
6254,3.563782,,3.25006e-05
6255,2.638878,,3.24854e-05
6256,2.757138,,3.24703e-05
6257,2.965604,,3.24551e-05
6258,2.683508,,3.24399e-05
6259,2.469128,,3.24248e-05
6260,2.947166,,3.24096e-05
6261,2.471153,,3.23944e-05
6262,2.857709,,3.23793e-05
6263,2.661405,,3.23641e-05
6264,3.295863,,3.2349e-05
6265,2.653860,,3.23338e-05
6266,2.704524,,3.23187e-05
6267,2.518494,,3.23035e-05
6268,2.791543,,3.22884e-05
6269,2.716398,,3.22732e-05
6270,2.747254,,3.22581e-05
6271,2.373023,,3.2243e-05
6272,2.499332,,3.22278e-05
6273,2.724074,,3.22127e-05
6274,3.010574,,3.21976e-05
6275,3.018350,,3.21824e-05
6276,2.631576,,3.21673e-05
6277,2.631164,,3.21522e-05
6278,2.281175,,3.2137e-05
6279,2.513636,,3.21219e-05
6280,2.713865,,3.21068e-05
6281,2.710572,,3.20917e-05
6282,2.544228,,3.20766e-05
6283,2.648500,,3.20614e-05
6284,2.470406,,3.20463e-05
6285,3.109222,,3.20312e-05
6286,2.325438,,3.20161e-05
6287,2.277639,,3.2001e-05
6288,2.591160,,3.19859e-05
6289,2.056127,,3.19708e-05
6290,2.277843,,3.19557e-05
6291,2.738326,,3.19406e-05
6292,3.276946,,3.19255e-05
6293,2.280438,,3.19104e-05
6294,2.676368,,3.18953e-05
6295,2.564953,,3.18802e-05
6296,3.022325,,3.18651e-05
6297,2.427681,,3.185e-05
6298,2.243589,,3.18349e-05
6299,3.556571,,3.18198e-05
6300,3.228286,,3.18048e-05
6301,3.654985,,3.17897e-05
6302,3.882780,,3.17746e-05
6303,3.923957,,3.17595e-05
6304,3.491447,,3.17444e-05
6305,3.393201,,3.17294e-05
6306,2.933844,,3.17143e-05
6307,3.985735,,3.16992e-05
6308,3.025893,,3.16841e-05
6309,3.771137,,3.16691e-05
6310,3.958244,,3.1654e-05
6311,4.047924,,3.1639e-05
6312,3.802815,,3.16239e-05
6313,2.569603,,3.16088e-05
6314,2.849816,,3.15938e-05
6315,2.054446,,3.15787e-05
6316,2.296158,,3.15637e-05
6317,4.197175,,3.15486e-05
6318,3.407751,,3.15336e-05
6319,2.988261,,3.15185e-05
6320,2.432460,,3.15035e-05
6321,2.538678,,3.14884e-05
6322,2.783123,,3.14734e-05
6323,2.680505,,3.14583e-05
6324,2.581119,,3.14433e-05
6325,2.604731,,3.14283e-05
6326,2.741099,,3.14132e-05
6327,2.749573,,3.13982e-05
6328,2.601074,,3.13832e-05
6329,2.731820,,3.13681e-05
6330,2.877144,,3.13531e-05
6331,2.578599,,3.13381e-05
6332,3.035519,,3.13231e-05
6333,2.124214,,3.1308e-05
6334,2.078010,,3.1293e-05
6335,2.449808,,3.1278e-05
6336,2.936698,,3.1263e-05
6337,2.678993,,3.1248e-05
6338,2.460716,,3.1233e-05
6339,2.415064,,3.1218e-05
6340,2.391070,,3.1203e-05
6341,2.857091,,3.1188e-05
6342,3.192261,,3.1173e-05
6343,3.379260,,3.11579e-05
6344,2.405810,,3.1143e-05
6345,2.875104,,3.1128e-05
6346,2.867080,,3.1113e-05
6347,2.042076,,3.1098e-05
6348,2.316612,,3.1083e-05
6349,2.565419,,3.1068e-05
6350,2.798413,,3.1053e-05
6351,2.710805,,3.1038e-05
6352,2.871028,,3.1023e-05
6353,2.775177,,3.1008e-05
6354,2.937390,,3.09931e-05
6355,2.519951,,3.09781e-05
6356,2.660073,,3.09631e-05
6357,2.525088,,3.09481e-05
6358,3.006041,,3.09332e-05
6359,2.952742,,3.09182e-05
6360,2.871352,,3.09032e-05
6361,2.963448,,3.08883e-05
6362,2.865807,,3.08733e-05
6363,3.187877,,3.08583e-05
6364,2.980721,,3.08434e-05
6365,2.681651,,3.08284e-05
6366,2.685240,,3.08135e-05
6367,2.665619,,3.07985e-05
6368,2.613970,,3.07836e-05
6369,2.700536,,3.07686e-05
6370,2.667815,,3.07537e-05
6371,3.192525,,3.07387e-05
6372,2.576715,,3.07238e-05
6373,2.479975,,3.07088e-05
6374,3.207494,,3.06939e-05
6375,3.204737,,3.0679e-05
6376,3.360578,,3.0664e-05
6377,3.047803,,3.06491e-05
6378,2.747544,,3.06342e-05
6379,3.094518,,3.06192e-05
6380,2.808102,,3.06043e-05
6381,2.970841,,3.05894e-05
6382,3.577687,,3.05745e-05
6383,3.043016,,3.05595e-05
6384,3.090111,,3.05446e-05
6385,3.007419,,3.05297e-05
6386,3.196560,,3.05148e-05
6387,3.061612,,3.04999e-05
6388,3.097351,,3.0485e-05
6389,2.878048,,3.04701e-05
6390,3.201593,,3.04552e-05
6391,3.388812,,3.04403e-05
6392,3.093879,,3.04254e-05
6393,2.993880,,3.04105e-05
6394,3.293050,,3.03956e-05
6395,3.348927,,3.03807e-05
6396,3.658657,,3.03658e-05
6397,3.235746,,3.03509e-05
6398,3.470001,,3.0336e-05
6399,3.582549,,3.03211e-05
6400,3.958900,,3.03062e-05
6401,3.245280,,3.02913e-05
6402,3.116492,,3.02764e-05
6403,3.005795,,3.02616e-05
6404,3.068785,,3.02467e-05
6405,2.382464,,3.02318e-05
6406,3.062034,,3.02169e-05
6407,3.004857,,3.02021e-05
6408,3.102435,,3.01872e-05
6409,3.400097,,3.01723e-05
6410,2.814204,,3.01575e-05
6411,3.325952,,3.01426e-05
6412,2.189237,,3.01277e-05
6413,2.227072,,3.01129e-05
6414,2.044557,,3.0098e-05
6415,2.801805,,3.00832e-05
6416,3.064119,,3.00683e-05
6417,2.614305,,3.00535e-05
6418,2.571923,,3.00386e-05
6419,3.134983,,3.00238e-05
6420,3.577668,,3.00089e-05
6421,3.493888,,2.99941e-05
6422,3.474901,,2.99793e-05
6423,2.664709,,2.99644e-05
6424,2.745884,,2.99496e-05
6425,2.999264,,2.99347e-05
6426,3.183052,,2.99199e-05
6427,3.808601,,2.99051e-05
6428,2.805227,,2.98903e-05
6429,3.192974,,2.98754e-05
6430,2.799939,,2.98606e-05
6431,2.385680,,2.98458e-05
6432,2.391265,,2.9831e-05
6433,3.388462,,2.98162e-05
6434,3.273809,,2.98013e-05
6435,3.587646,,2.97865e-05
6436,2.804612,,2.97717e-05
6437,1.882486,,2.97569e-05
6438,3.135344,,2.97421e-05
6439,2.819668,,2.97273e-05
6440,2.974368,,2.97125e-05
6441,3.233932,,2.96977e-05
6442,3.044052,,2.96829e-05
6443,3.098766,,2.96681e-05
6444,3.483229,,2.96533e-05
6445,3.368497,,2.96385e-05
6446,2.815187,,2.96237e-05
6447,3.370080,,2.96089e-05
6448,2.061761,,2.95942e-05
6449,2.865217,,2.95794e-05
6450,2.777854,,2.95646e-05
6451,2.986598,,2.95498e-05
6452,3.061389,,2.9535e-05
6453,2.454952,,2.95203e-05
6454,2.421508,,2.95055e-05
6455,2.522248,,2.94907e-05
6456,3.198286,,2.9476e-05
6457,2.279452,,2.94612e-05
6458,1.949282,,2.94464e-05
6459,2.842458,,2.94317e-05
6460,2.285127,,2.94169e-05
6461,2.766887,,2.94021e-05
6462,2.975610,,2.93874e-05
6463,3.142811,,2.93726e-05
6464,2.694551,,2.93579e-05
6465,2.847850,,2.93431e-05
6466,2.795976,,2.93284e-05
6467,2.543096,,2.93136e-05
6468,3.153784,,2.92989e-05
6469,2.686512,,2.92842e-05
6470,3.268408,,2.92694e-05
6471,2.753557,,2.92547e-05
6472,2.563346,,2.924e-05
6473,3.051420,,2.92252e-05
6474,3.433952,,2.92105e-05
6475,2.826720,,2.91958e-05
6476,2.709903,,2.91811e-05
6477,2.663683,,2.91663e-05
6478,3.321868,,2.91516e-05
6479,2.671336,,2.91369e-05
6480,3.038942,,2.91222e-05
6481,2.966704,,2.91075e-05
6482,2.657542,,2.90928e-05
6483,2.580692,,2.9078e-05
6484,3.387949,,2.90633e-05
6485,3.248796,,2.90486e-05
6486,2.697335,,2.90339e-05
6487,3.104403,,2.90192e-05
6488,3.183709,,2.90045e-05
6489,3.137900,,2.89898e-05
6490,2.692716,,2.89751e-05
6491,2.746633,,2.89605e-05
6492,3.037253,,2.89458e-05
6493,2.564533,,2.89311e-05
6494,3.084466,,2.89164e-05
6495,3.086215,,2.89017e-05
6496,2.993165,,2.8887e-05
6497,2.972500,,2.88723e-05
6498,3.160175,,2.88577e-05
6499,2.999555,,2.8843e-05
6500,3.161402,3.158853,2.88283e-05
6501,2.820692,,2.88137e-05
6502,2.282837,,2.8799e-05
6503,2.064959,,2.87843e-05
6504,3.046757,,2.87697e-05
6505,2.911411,,2.8755e-05
6506,2.490423,,2.87403e-05
6507,2.731511,,2.87257e-05
6508,2.819163,,2.8711e-05
6509,2.677895,,2.86964e-05
6510,2.402906,,2.86817e-05
6511,2.577751,,2.86671e-05
6512,2.555551,,2.86524e-05
6513,2.531283,,2.86378e-05
6514,2.431483,,2.86232e-05
6515,2.976684,,2.86085e-05
6516,2.462199,,2.85939e-05
6517,2.850572,,2.85793e-05
6518,2.962740,,2.85646e-05
6519,2.736811,,2.855e-05
6520,2.959886,,2.85354e-05
6521,2.289401,,2.85207e-05
6522,2.566143,,2.85061e-05
6523,2.200328,,2.84915e-05
6524,3.080647,,2.84769e-05
6525,2.837008,,2.84623e-05
6526,2.424400,,2.84477e-05
6527,2.863287,,2.8433e-05
6528,2.615017,,2.84184e-05
6529,2.601740,,2.84038e-05
6530,2.980655,,2.83892e-05
6531,2.970896,,2.83746e-05
6532,2.567349,,2.836e-05
6533,3.050911,,2.83454e-05
6534,3.102892,,2.83308e-05
6535,2.473539,,2.83162e-05
6536,2.784783,,2.83016e-05
6537,2.240709,,2.82871e-05
6538,3.590964,,2.82725e-05
6539,3.031538,,2.82579e-05
6540,2.986354,,2.82433e-05
6541,2.516828,,2.82287e-05
6542,2.558575,,2.82141e-05
6543,2.591649,,2.81996e-05
6544,2.835284,,2.8185e-05
6545,3.047957,,2.81704e-05
6546,3.378702,,2.81559e-05
6547,3.065718,,2.81413e-05
6548,2.815546,,2.81267e-05
6549,2.571768,,2.81122e-05
6550,2.688236,,2.80976e-05
6551,2.487028,,2.80831e-05
6552,2.749867,,2.80685e-05
6553,2.727010,,2.8054e-05
6554,2.317639,,2.80394e-05
6555,2.111774,,2.80249e-05
6556,2.251262,,2.80103e-05
6557,2.664988,,2.79958e-05
6558,2.304739,,2.79812e-05
6559,2.461736,,2.79667e-05
6560,2.704461,,2.79522e-05
6561,2.035405,,2.79376e-05
6562,2.012142,,2.79231e-05
6563,2.332140,,2.79086e-05
6564,2.065368,,2.7894e-05
6565,2.477692,,2.78795e-05
6566,2.462202,,2.7865e-05
6567,1.912501,,2.78505e-05
6568,2.142916,,2.7836e-05
6569,2.460108,,2.78214e-05
6570,1.864804,,2.78069e-05
6571,2.057739,,2.77924e-05
6572,2.175063,,2.77779e-05
6573,1.961383,,2.77634e-05
6574,2.162167,,2.77489e-05
6575,2.173669,,2.77344e-05
6576,1.851137,,2.77199e-05
6577,2.362463,,2.77054e-05
6578,2.231751,,2.76909e-05
6579,2.033419,,2.76764e-05
6580,1.928945,,2.76619e-05
6581,2.584316,,2.76474e-05
6582,2.419227,,2.7633e-05
6583,2.280999,,2.76185e-05
6584,2.176624,,2.7604e-05
6585,2.311157,,2.75895e-05
6586,2.753395,,2.7575e-05
6587,1.881763,,2.75606e-05
6588,1.626764,,2.75461e-05
6589,2.383388,,2.75316e-05
6590,2.855571,,2.75172e-05
6591,2.282221,,2.75027e-05
6592,2.182803,,2.74882e-05
6593,2.485134,,2.74738e-05
6594,2.590214,,2.74593e-05
6595,2.084837,,2.74449e-05
6596,2.593869,,2.74304e-05
6597,2.723643,,2.7416e-05
6598,2.701125,,2.74015e-05
6599,3.405936,,2.73871e-05
6600,3.142632,,2.73726e-05
6601,3.060802,,2.73582e-05
6602,2.922376,,2.73438e-05
6603,3.243075,,2.73293e-05
6604,3.279736,,2.73149e-05
6605,3.692402,,2.73005e-05
6606,3.367320,,2.7286e-05
6607,3.209366,,2.72716e-05
6608,3.390560,,2.72572e-05
6609,3.013614,,2.72428e-05
6610,3.137239,,2.72284e-05
6611,2.815760,,2.72139e-05
6612,2.963516,,2.71995e-05
6613,2.919809,,2.71851e-05
6614,2.836521,,2.71707e-05
6615,2.951158,,2.71563e-05
6616,2.639086,,2.71419e-05
6617,2.864795,,2.71275e-05
6618,2.605028,,2.71131e-05
6619,2.490024,,2.70987e-05
6620,3.051069,,2.70843e-05
6621,3.672121,,2.70699e-05
6622,3.622330,,2.70555e-05
6623,2.590335,,2.70411e-05
6624,2.375599,,2.70268e-05
6625,2.417318,,2.70124e-05
6626,2.999171,,2.6998e-05
6627,2.898257,,2.69836e-05
6628,3.420065,,2.69692e-05
6629,3.148469,,2.69549e-05
6630,3.596006,,2.69405e-05
6631,3.755102,,2.69261e-05
6632,3.670127,,2.69118e-05
6633,3.229815,,2.68974e-05
6634,3.116886,,2.6883e-05
6635,3.925672,,2.68687e-05
6636,3.560625,,2.68543e-05
6637,3.017001,,2.684e-05
6638,3.641068,,2.68256e-05
6639,3.903552,,2.68113e-05
6640,3.500198,,2.67969e-05
6641,3.521601,,2.67826e-05
6642,3.787623,,2.67683e-05
6643,3.361780,,2.67539e-05
6644,2.492518,,2.67396e-05
6645,3.624919,,2.67252e-05
6646,3.650660,,2.67109e-05
6647,2.734951,,2.66966e-05
6648,3.138829,,2.66823e-05
6649,2.611598,,2.66679e-05
6650,3.124647,,2.66536e-05
6651,3.379722,,2.66393e-05
6652,1.795690,,2.6625e-05
6653,2.041179,,2.66107e-05
6654,3.490761,,2.65964e-05
6655,3.357707,,2.6582e-05
6656,3.962535,,2.65677e-05
6657,3.680475,,2.65534e-05
6658,2.717429,,2.65391e-05
6659,3.552118,,2.65248e-05
6660,2.940572,,2.65105e-05
6661,2.847517,,2.64962e-05
6662,3.169661,,2.6482e-05
6663,2.610419,,2.64677e-05
6664,3.230389,,2.64534e-05
6665,3.689162,,2.64391e-05
6666,3.345504,,2.64248e-05
6667,3.000974,,2.64105e-05
6668,2.970384,,2.63963e-05
6669,2.877155,,2.6382e-05
6670,2.989761,,2.63677e-05
6671,3.249812,,2.63534e-05
6672,2.844904,,2.63392e-05
6673,3.448138,,2.63249e-05
6674,3.028848,,2.63106e-05
6675,3.322577,,2.62964e-05
6676,3.363093,,2.62821e-05
6677,2.686192,,2.62679e-05
6678,3.622637,,2.62536e-05
6679,3.176937,,2.62394e-05
6680,2.947727,,2.62251e-05
6681,3.286821,,2.62109e-05
6682,3.504353,,2.61966e-05
6683,3.603960,,2.61824e-05
6684,3.145846,,2.61682e-05
6685,2.662543,,2.61539e-05
6686,3.444353,,2.61397e-05
6687,2.641868,,2.61255e-05
6688,3.632135,,2.61112e-05
6689,3.210768,,2.6097e-05
6690,3.760964,,2.60828e-05
6691,3.098214,,2.60686e-05
6692,3.490072,,2.60543e-05
6693,3.037675,,2.60401e-05
6694,2.873160,,2.60259e-05
6695,3.145326,,2.60117e-05
6696,2.997900,,2.59975e-05
6697,3.031806,,2.59833e-05
6698,3.065608,,2.59691e-05
6699,3.452539,,2.59549e-05
6700,3.321026,,2.59407e-05
6701,3.250610,,2.59265e-05
6702,3.368577,,2.59123e-05
6703,3.732389,,2.58981e-05
6704,2.903408,,2.58839e-05
6705,3.213875,,2.58698e-05
6706,3.536103,,2.58556e-05
6707,2.843147,,2.58414e-05
6708,3.050071,,2.58272e-05
6709,3.455217,,2.5813e-05
6710,3.093163,,2.57989e-05
6711,3.721270,,2.57847e-05
6712,2.903016,,2.57705e-05
6713,3.077889,,2.57564e-05
6714,3.715725,,2.57422e-05
6715,3.490542,,2.57281e-05
6716,3.298762,,2.57139e-05
6717,3.383526,,2.56997e-05
6718,3.168102,,2.56856e-05
6719,3.872833,,2.56714e-05
6720,3.777496,,2.56573e-05
6721,3.618445,,2.56432e-05
6722,3.438958,,2.5629e-05
6723,3.349953,,2.56149e-05
6724,3.609309,,2.56007e-05
6725,3.434491,,2.55866e-05
6726,3.118711,,2.55725e-05
6727,3.147356,,2.55583e-05
6728,3.396057,,2.55442e-05
6729,2.919100,,2.55301e-05
6730,2.981636,,2.5516e-05
6731,2.809218,,2.55019e-05
6732,3.098793,,2.54877e-05
6733,2.409727,,2.54736e-05
6734,3.103092,,2.54595e-05
6735,2.831548,,2.54454e-05
6736,2.766633,,2.54313e-05
6737,3.093745,,2.54172e-05
6738,3.497475,,2.54031e-05
6739,2.798198,,2.5389e-05
6740,2.649601,,2.53749e-05
6741,2.542676,,2.53608e-05
6742,3.043308,,2.53467e-05
6743,2.890521,,2.53326e-05
6744,3.395258,,2.53186e-05
6745,2.838362,,2.53045e-05
6746,2.426129,,2.52904e-05
6747,3.165920,,2.52763e-05
6748,3.330709,,2.52622e-05
6749,2.573192,,2.52482e-05
6750,3.201305,3.144569,2.52341e-05
6751,3.650672,,2.522e-05
6752,3.372988,,2.5206e-05
6753,2.924434,,2.51919e-05
6754,2.944174,,2.51779e-05
6755,2.274603,,2.51638e-05
6756,2.917534,,2.51497e-05
6757,2.781789,,2.51357e-05
6758,2.550748,,2.51216e-05
6759,2.772161,,2.51076e-05
6760,2.656729,,2.50936e-05
6761,3.331652,,2.50795e-05
6762,3.154110,,2.50655e-05
6763,3.178007,,2.50514e-05
6764,3.103523,,2.50374e-05
6765,3.559724,,2.50234e-05
6766,2.953823,,2.50094e-05
6767,2.559262,,2.49953e-05
6768,2.772244,,2.49813e-05
6769,3.184522,,2.49673e-05
6770,3.074524,,2.49533e-05
6771,3.133002,,2.49393e-05
6772,3.403451,,2.49252e-05
6773,2.736658,,2.49112e-05
6774,3.379556,,2.48972e-05
6775,3.798440,,2.48832e-05
6776,2.952456,,2.48692e-05
6777,3.476753,,2.48552e-05
6778,3.395597,,2.48412e-05
6779,2.422604,,2.48272e-05
6780,2.945208,,2.48132e-05
6781,3.113311,,2.47993e-05
6782,2.466783,,2.47853e-05
6783,2.797170,,2.47713e-05
6784,2.241918,,2.47573e-05
6785,2.293327,,2.47433e-05
6786,2.587328,,2.47294e-05
6787,2.600355,,2.47154e-05
6788,2.758921,,2.47014e-05
6789,2.657143,,2.46874e-05
6790,2.875166,,2.46735e-05
6791,2.821530,,2.46595e-05
6792,3.064926,,2.46456e-05
6793,2.662628,,2.46316e-05
6794,2.154352,,2.46177e-05
6795,2.385993,,2.46037e-05
6796,2.902607,,2.45898e-05
6797,3.107268,,2.45758e-05
6798,3.473465,,2.45619e-05
6799,3.182120,,2.45479e-05
6800,3.317741,,2.4534e-05
6801,3.017768,,2.45201e-05
6802,2.859270,,2.45061e-05
6803,2.890381,,2.44922e-05
6804,3.131649,,2.44783e-05
6805,3.181822,,2.44643e-05
6806,3.177105,,2.44504e-05
6807,3.125418,,2.44365e-05
6808,3.460145,,2.44226e-05
6809,3.305363,,2.44087e-05
6810,2.673925,,2.43948e-05
6811,3.057146,,2.43809e-05
6812,3.175900,,2.4367e-05
6813,2.805206,,2.43531e-05
6814,2.744703,,2.43392e-05
6815,3.304224,,2.43253e-05
6816,3.010628,,2.43114e-05
6817,3.050808,,2.42975e-05
6818,2.420208,,2.42836e-05
6819,2.399671,,2.42697e-05
6820,2.341871,,2.42558e-05
6821,2.966805,,2.42419e-05
6822,2.984092,,2.4228e-05
6823,2.680591,,2.42142e-05
6824,2.459485,,2.42003e-05
6825,2.321415,,2.41864e-05
6826,2.271233,,2.41726e-05
6827,3.158166,,2.41587e-05
6828,2.903600,,2.41448e-05
6829,2.291426,,2.4131e-05
6830,3.047014,,2.41171e-05
6831,3.583237,,2.41033e-05
6832,3.204452,,2.40894e-05
6833,2.900928,,2.40756e-05
6834,3.014152,,2.40617e-05
6835,2.802696,,2.40479e-05
6836,2.691825,,2.4034e-05
6837,2.893307,,2.40202e-05
6838,2.510886,,2.40064e-05
6839,2.929599,,2.39925e-05
6840,2.886020,,2.39787e-05
6841,3.225133,,2.39649e-05
6842,2.917088,,2.39511e-05
6843,3.085548,,2.39372e-05
6844,2.633054,,2.39234e-05
6845,2.711617,,2.39096e-05
6846,3.040651,,2.38958e-05
6847,3.388042,,2.3882e-05
6848,2.616282,,2.38682e-05
6849,2.745933,,2.38544e-05
6850,2.984074,,2.38406e-05
6851,2.832732,,2.38268e-05
6852,2.547091,,2.3813e-05
6853,2.317132,,2.37992e-05
6854,2.626312,,2.37854e-05
6855,2.646219,,2.37716e-05
6856,3.009135,,2.37578e-05
6857,2.721622,,2.3744e-05
6858,2.322549,,2.37302e-05
6859,2.549724,,2.37165e-05
6860,2.291371,,2.37027e-05
6861,3.168439,,2.36889e-05
6862,2.989343,,2.36752e-05
6863,3.090698,,2.36614e-05
6864,3.508680,,2.36476e-05
6865,2.764975,,2.36339e-05
6866,3.017390,,2.36201e-05
6867,3.160276,,2.36063e-05
6868,2.803701,,2.35926e-05
6869,3.496189,,2.35788e-05
6870,3.677595,,2.35651e-05
6871,2.723712,,2.35514e-05
6872,3.811773,,2.35376e-05
6873,3.385212,,2.35239e-05
6874,2.513520,,2.35101e-05
6875,2.776055,,2.34964e-05
6876,2.558558,,2.34827e-05
6877,2.522444,,2.3469e-05
6878,2.623972,,2.34552e-05
6879,2.827212,,2.34415e-05
6880,2.245973,,2.34278e-05
6881,2.031282,,2.34141e-05
6882,2.430390,,2.34004e-05
6883,2.878587,,2.33866e-05
6884,2.839006,,2.33729e-05
6885,2.780622,,2.33592e-05
6886,2.589314,,2.33455e-05
6887,2.624887,,2.33318e-05
6888,2.606940,,2.33181e-05
6889,2.166888,,2.33044e-05
6890,2.247476,,2.32907e-05
6891,2.308163,,2.32771e-05
6892,2.391656,,2.32634e-05
6893,2.364661,,2.32497e-05
6894,2.648853,,2.3236e-05
6895,2.519034,,2.32223e-05
6896,2.491915,,2.32087e-05
6897,2.138113,,2.3195e-05
6898,2.233397,,2.31813e-05
6899,2.209786,,2.31677e-05
6900,2.179379,,2.3154e-05
6901,2.348179,,2.31403e-05
6902,2.495148,,2.31267e-05
6903,2.577242,,2.3113e-05
6904,2.633080,,2.30994e-05
6905,2.586627,,2.30857e-05
6906,2.425312,,2.30721e-05
6907,2.289310,,2.30584e-05
6908,2.368095,,2.30448e-05
6909,2.510972,,2.30312e-05
6910,2.398075,,2.30175e-05
6911,1.974672,,2.30039e-05
6912,2.064935,,2.29903e-05
6913,2.605757,,2.29766e-05
6914,2.722721,,2.2963e-05
6915,2.841888,,2.29494e-05
6916,2.581372,,2.29358e-05
6917,2.959494,,2.29222e-05
6918,3.202738,,2.29085e-05
6919,3.369766,,2.28949e-05
6920,3.737152,,2.28813e-05
6921,3.507909,,2.28677e-05
6922,3.394865,,2.28541e-05
6923,3.361885,,2.28405e-05
6924,3.571704,,2.28269e-05
6925,3.654432,,2.28133e-05
6926,3.567487,,2.27997e-05
6927,3.344574,,2.27862e-05
6928,3.142510,,2.27726e-05
6929,3.358628,,2.2759e-05
6930,1.839200,,2.27454e-05
6931,2.332921,,2.27318e-05
6932,3.150133,,2.27183e-05
6933,2.585720,,2.27047e-05
6934,2.625344,,2.26911e-05
6935,2.398997,,2.26776e-05
6936,3.172848,,2.2664e-05
6937,2.823736,,2.26505e-05
6938,2.781263,,2.26369e-05
6939,3.117001,,2.26233e-05
6940,2.891259,,2.26098e-05
6941,3.196704,,2.25962e-05
6942,3.486667,,2.25827e-05
6943,2.934801,,2.25692e-05
6944,3.153582,,2.25556e-05
6945,3.359908,,2.25421e-05
6946,3.659580,,2.25286e-05
6947,2.429252,,2.2515e-05
6948,2.797545,,2.25015e-05
6949,2.629457,,2.2488e-05
6950,2.240212,,2.24745e-05
6951,2.348145,,2.24609e-05
6952,1.961977,,2.24474e-05
6953,2.749386,,2.24339e-05
6954,2.845354,,2.24204e-05
6955,3.251557,,2.24069e-05
6956,2.606383,,2.23934e-05
6957,2.659272,,2.23799e-05
6958,2.963688,,2.23664e-05
6959,3.407622,,2.23529e-05
6960,3.258368,,2.23394e-05
6961,3.276205,,2.23259e-05
6962,3.204355,,2.23124e-05
6963,2.917483,,2.2299e-05
6964,2.899296,,2.22855e-05
6965,2.391085,,2.2272e-05
6966,2.787253,,2.22585e-05
6967,2.517302,,2.22451e-05
6968,3.656140,,2.22316e-05
6969,3.438190,,2.22181e-05
6970,3.311864,,2.22047e-05
6971,3.069726,,2.21912e-05
6972,3.639462,,2.21777e-05
6973,3.445182,,2.21643e-05
6974,3.319119,,2.21508e-05
6975,3.595112,,2.21374e-05
6976,3.082023,,2.21239e-05
6977,2.569013,,2.21105e-05
6978,2.866980,,2.20971e-05
6979,3.471361,,2.20836e-05
6980,2.718833,,2.20702e-05
6981,2.721328,,2.20568e-05
6982,2.652684,,2.20433e-05
6983,2.720171,,2.20299e-05
6984,3.035002,,2.20165e-05
6985,2.833540,,2.20031e-05
6986,3.178697,,2.19897e-05
6987,2.872625,,2.19762e-05
6988,2.896479,,2.19628e-05
6989,2.460164,,2.19494e-05
6990,2.590388,,2.1936e-05
6991,2.814839,,2.19226e-05
6992,2.870670,,2.19092e-05
6993,2.973310,,2.18958e-05
6994,3.601743,,2.18824e-05
6995,3.375389,,2.1869e-05
6996,2.775252,,2.18557e-05
6997,2.945267,,2.18423e-05
6998,3.024469,,2.18289e-05
6999,3.394917,,2.18155e-05
7000,2.810932,3.154955,2.18021e-05
7001,2.979526,,2.17888e-05
7002,3.051324,,2.17754e-05
7003,3.029301,,2.1762e-05
7004,2.617336,,2.17487e-05
7005,2.824613,,2.17353e-05
7006,3.081975,,2.1722e-05
7007,3.069264,,2.17086e-05
7008,2.737898,,2.16953e-05
7009,3.260001,,2.16819e-05
7010,2.763530,,2.16686e-05
7011,2.762909,,2.16552e-05
7012,4.159156,,2.16419e-05
7013,2.805668,,2.16286e-05
7014,2.477971,,2.16152e-05
7015,2.343363,,2.16019e-05
7016,2.626326,,2.15886e-05
7017,2.639604,,2.15752e-05
7018,3.121474,,2.15619e-05
7019,2.613832,,2.15486e-05
7020,2.875611,,2.15353e-05
7021,3.176525,,2.1522e-05
7022,2.811161,,2.15087e-05
7023,3.167844,,2.14954e-05
7024,2.755433,,2.14821e-05
7025,2.960615,,2.14688e-05
7026,3.298875,,2.14555e-05
7027,2.900588,,2.14422e-05
7028,3.112701,,2.14289e-05
7029,2.499983,,2.14156e-05
7030,2.723183,,2.14023e-05
7031,2.688333,,2.1389e-05
7032,2.638555,,2.13757e-05
7033,2.963998,,2.13625e-05
7034,3.215020,,2.13492e-05
7035,2.920206,,2.13359e-05
7036,2.991336,,2.13227e-05
7037,2.618411,,2.13094e-05
7038,2.800665,,2.12961e-05
7039,3.201971,,2.12829e-05
7040,3.435144,,2.12696e-05
7041,3.287948,,2.12564e-05
7042,2.988333,,2.12431e-05
7043,3.499721,,2.12299e-05
7044,3.287565,,2.12166e-05
7045,2.794396,,2.12034e-05
7046,3.370251,,2.11901e-05
7047,3.205070,,2.11769e-05
7048,3.469532,,2.11637e-05
7049,3.267124,,2.11505e-05
7050,3.487679,,2.11372e-05
7051,3.018643,,2.1124e-05
7052,3.330070,,2.11108e-05
7053,3.485672,,2.10976e-05
7054,3.287363,,2.10844e-05
7055,3.052078,,2.10712e-05
7056,2.779249,,2.10579e-05
7057,2.962575,,2.10447e-05
7058,2.918019,,2.10315e-05
7059,2.919296,,2.10183e-05
7060,3.098551,,2.10051e-05
7061,2.971903,,2.0992e-05
7062,2.993041,,2.09788e-05
7063,3.055099,,2.09656e-05
7064,2.950168,,2.09524e-05
7065,2.852737,,2.09392e-05
7066,3.340338,,2.0926e-05
7067,3.399648,,2.09129e-05
7068,3.786603,,2.08997e-05
7069,3.493690,,2.08865e-05
7070,3.312402,,2.08734e-05
7071,3.404517,,2.08602e-05
7072,2.948420,,2.08471e-05
7073,3.135011,,2.08339e-05
7074,2.587317,,2.08207e-05
7075,2.430268,,2.08076e-05
7076,3.555866,,2.07945e-05
7077,2.536566,,2.07813e-05
7078,3.167457,,2.07682e-05
7079,2.909829,,2.0755e-05
7080,3.262139,,2.07419e-05
7081,3.279048,,2.07288e-05
7082,3.215211,,2.07156e-05
7083,3.503955,,2.07025e-05
7084,3.431087,,2.06894e-05
7085,3.080095,,2.06763e-05
7086,3.564701,,2.06632e-05
7087,3.145336,,2.06501e-05
7088,3.876199,,2.06369e-05
7089,3.131990,,2.06238e-05
7090,3.343453,,2.06107e-05
7091,2.932677,,2.05976e-05
7092,3.051178,,2.05845e-05
7093,3.101019,,2.05714e-05
7094,3.023216,,2.05584e-05
7095,3.597023,,2.05453e-05
7096,3.456121,,2.05322e-05
7097,3.669859,,2.05191e-05
7098,4.026041,,2.0506e-05
7099,3.164433,,2.0493e-05
7100,1.838624,,2.04799e-05
7101,1.766478,,2.04668e-05
7102,2.172350,,2.04537e-05
7103,2.808358,,2.04407e-05
7104,2.532427,,2.04276e-05
7105,2.687493,,2.04146e-05
7106,2.905603,,2.04015e-05
7107,3.045306,,2.03885e-05
7108,2.641110,,2.03754e-05
7109,3.024115,,2.03624e-05
7110,2.127462,,2.03493e-05
7111,3.243619,,2.03363e-05
7112,2.879688,,2.03233e-05
7113,2.756418,,2.03102e-05
7114,2.998824,,2.02972e-05
7115,2.618855,,2.02842e-05
7116,3.020702,,2.02712e-05
7117,2.282882,,2.02581e-05
7118,2.900958,,2.02451e-05
7119,2.401114,,2.02321e-05
7120,2.999852,,2.02191e-05
7121,2.768602,,2.02061e-05
7122,3.006382,,2.01931e-05
7123,2.869102,,2.01801e-05
7124,2.754767,,2.01671e-05
7125,3.086279,,2.01541e-05
7126,2.524940,,2.01411e-05
7127,2.898021,,2.01281e-05
7128,2.960553,,2.01151e-05
7129,3.087648,,2.01022e-05
7130,2.856670,,2.00892e-05
7131,3.298291,,2.00762e-05
7132,3.126120,,2.00632e-05
7133,3.067705,,2.00503e-05
7134,2.948332,,2.00373e-05
7135,2.921569,,2.00243e-05
7136,2.719826,,2.00114e-05
7137,3.136749,,1.99984e-05
7138,3.364648,,1.99855e-05
7139,3.231591,,1.99725e-05
7140,2.731124,,1.99596e-05
7141,2.804971,,1.99466e-05
7142,3.184641,,1.99337e-05
7143,3.076330,,1.99207e-05
7144,2.615472,,1.99078e-05
7145,3.020964,,1.98949e-05
7146,3.197205,,1.9882e-05
7147,3.397142,,1.9869e-05
7148,3.241198,,1.98561e-05
7149,3.096747,,1.98432e-05
7150,2.722444,,1.98303e-05
7151,3.100389,,1.98174e-05
7152,3.114618,,1.98045e-05
7153,3.306044,,1.97915e-05
7154,3.142905,,1.97786e-05
7155,2.669455,,1.97657e-05
7156,3.037213,,1.97528e-05
7157,2.690551,,1.974e-05
7158,2.759227,,1.97271e-05
7159,2.913248,,1.97142e-05
7160,2.449156,,1.97013e-05
7161,2.570827,,1.96884e-05
7162,3.236843,,1.96755e-05
7163,3.530513,,1.96627e-05
7164,2.464136,,1.96498e-05
7165,2.916605,,1.96369e-05
7166,2.540947,,1.96241e-05
7167,2.707698,,1.96112e-05
7168,2.381971,,1.95983e-05
7169,2.748308,,1.95855e-05
7170,2.864378,,1.95726e-05
7171,2.856695,,1.95598e-05
7172,2.764264,,1.95469e-05
7173,2.582640,,1.95341e-05
7174,2.616565,,1.95213e-05
7175,2.867812,,1.95084e-05
7176,2.865725,,1.94956e-05
7177,3.259579,,1.94828e-05
7178,2.704618,,1.94699e-05
7179,2.494627,,1.94571e-05
7180,2.821238,,1.94443e-05
7181,2.738462,,1.94315e-05
7182,2.998109,,1.94187e-05
7183,3.436719,,1.94059e-05
7184,3.066710,,1.9393e-05
7185,1.494345,,1.93802e-05
7186,2.257998,,1.93674e-05
7187,2.857700,,1.93546e-05
7188,2.403186,,1.93419e-05
7189,3.178897,,1.93291e-05
7190,3.147212,,1.93163e-05
7191,3.498878,,1.93035e-05
7192,3.263646,,1.92907e-05
7193,2.965357,,1.92779e-05
7194,3.327303,,1.92652e-05
7195,3.614663,,1.92524e-05
7196,3.453261,,1.92396e-05
7197,2.971251,,1.92269e-05
7198,3.270364,,1.92141e-05
7199,3.327611,,1.92013e-05
7200,3.620697,,1.91886e-05
7201,3.395448,,1.91758e-05
7202,3.390050,,1.91631e-05
7203,3.811320,,1.91503e-05
7204,3.853961,,1.91376e-05
7205,3.262902,,1.91248e-05
7206,3.122243,,1.91121e-05
7207,3.257607,,1.90994e-05
7208,3.644441,,1.90867e-05
7209,4.142560,,1.90739e-05
7210,3.677170,,1.90612e-05
7211,3.691614,,1.90485e-05
7212,3.131532,,1.90358e-05
7213,3.037155,,1.90231e-05
7214,3.528144,,1.90103e-05
7215,3.832138,,1.89976e-05
7216,3.282754,,1.89849e-05
7217,3.540225,,1.89722e-05
7218,3.251717,,1.89595e-05
7219,2.699800,,1.89468e-05
7220,3.231089,,1.89342e-05
7221,3.745174,,1.89215e-05
7222,3.500135,,1.89088e-05
7223,2.754318,,1.88961e-05
7224,1.971467,,1.88834e-05
7225,2.434463,,1.88707e-05
7226,2.746801,,1.88581e-05
7227,2.829835,,1.88454e-05
7228,3.398671,,1.88327e-05
7229,3.412671,,1.88201e-05
7230,3.330271,,1.88074e-05
7231,2.551950,,1.87948e-05
7232,2.427194,,1.87821e-05
7233,2.221636,,1.87695e-05
7234,2.646006,,1.87568e-05
7235,3.061554,,1.87442e-05
7236,2.618979,,1.87315e-05
7237,2.951356,,1.87189e-05
7238,2.482132,,1.87063e-05
7239,2.695644,,1.86937e-05
7240,3.041843,,1.8681e-05
7241,3.123760,,1.86684e-05
7242,2.763522,,1.86558e-05
7243,2.806615,,1.86432e-05
7244,3.111984,,1.86306e-05
7245,2.793564,,1.8618e-05
7246,3.062511,,1.86053e-05
7247,3.007819,,1.85927e-05
7248,3.406719,,1.85801e-05
7249,2.895776,,1.85676e-05
7250,3.049497,3.139454,1.8555e-05
7251,2.994509,,1.85424e-05
7252,3.324869,,1.85298e-05
7253,3.122725,,1.85172e-05
7254,2.919869,,1.85046e-05
7255,3.301562,,1.8492e-05
7256,2.632936,,1.84795e-05
7257,2.111294,,1.84669e-05
7258,2.675117,,1.84543e-05
7259,2.988798,,1.84418e-05
7260,2.689632,,1.84292e-05
7261,3.222617,,1.84167e-05
7262,3.034171,,1.84041e-05
7263,2.837104,,1.83916e-05
7264,2.729249,,1.8379e-05
7265,3.088076,,1.83665e-05
7266,2.746552,,1.83539e-05
7267,2.965358,,1.83414e-05
7268,3.079344,,1.83289e-05
7269,3.233394,,1.83163e-05
7270,2.970760,,1.83038e-05
7271,3.301371,,1.82913e-05
7272,3.086660,,1.82788e-05
7273,2.776596,,1.82663e-05
7274,2.624158,,1.82537e-05
7275,2.536989,,1.82412e-05
7276,3.043183,,1.82287e-05
7277,2.890150,,1.82162e-05
7278,2.741890,,1.82037e-05
7279,3.198301,,1.81912e-05
7280,2.619978,,1.81787e-05
7281,3.515479,,1.81662e-05
7282,3.356998,,1.81538e-05
7283,3.376143,,1.81413e-05
7284,3.227728,,1.81288e-05
7285,2.695004,,1.81163e-05
7286,3.242228,,1.81039e-05
7287,3.263114,,1.80914e-05
7288,3.099010,,1.80789e-05
7289,3.091791,,1.80665e-05
7290,3.394649,,1.8054e-05
7291,2.749120,,1.80415e-05
7292,2.622542,,1.80291e-05
7293,3.120377,,1.80166e-05
7294,3.377258,,1.80042e-05
7295,2.906592,,1.79918e-05
7296,3.904353,,1.79793e-05
7297,3.758089,,1.79669e-05
7298,3.777996,,1.79544e-05
7299,4.037356,,1.7942e-05
7300,3.653201,,1.79296e-05
7301,3.363580,,1.79172e-05
7302,3.341917,,1.79047e-05
7303,3.828145,,1.78923e-05
7304,3.430622,,1.78799e-05
7305,3.586320,,1.78675e-05
7306,3.208593,,1.78551e-05
7307,3.106167,,1.78427e-05
7308,2.491604,,1.78303e-05
7309,2.667067,,1.78179e-05
7310,3.687855,,1.78055e-05
7311,3.493515,,1.77931e-05
7312,3.342011,,1.77807e-05
7313,2.762239,,1.77684e-05
7314,2.425687,,1.7756e-05
7315,2.783006,,1.77436e-05
7316,3.523998,,1.77312e-05
7317,2.714688,,1.77189e-05
7318,2.099357,,1.77065e-05
7319,3.015791,,1.76941e-05
7320,2.931252,,1.76818e-05
7321,2.624052,,1.76694e-05
7322,3.051308,,1.76571e-05
7323,3.228568,,1.76447e-05
7324,2.771527,,1.76324e-05
7325,3.299037,,1.762e-05
7326,2.944289,,1.76077e-05
7327,2.665098,,1.75954e-05
7328,3.341335,,1.7583e-05
7329,2.872885,,1.75707e-05
7330,2.653345,,1.75584e-05
7331,2.722435,,1.75461e-05
7332,2.989032,,1.75338e-05
7333,2.257426,,1.75214e-05
7334,2.421349,,1.75091e-05
7335,3.041237,,1.74968e-05
7336,2.889260,,1.74845e-05
7337,2.577112,,1.74722e-05
7338,2.756523,,1.74599e-05
7339,2.969104,,1.74476e-05
7340,2.631577,,1.74353e-05
7341,3.750539,,1.74231e-05
7342,3.020610,,1.74108e-05
7343,3.014128,,1.73985e-05
7344,3.534338,,1.73862e-05
7345,3.130073,,1.73739e-05
7346,2.929847,,1.73617e-05
7347,3.077379,,1.73494e-05
7348,2.386893,,1.73371e-05
7349,3.105561,,1.73249e-05
7350,3.158698,,1.73126e-05
7351,3.065240,,1.73004e-05
7352,2.946621,,1.72881e-05
7353,3.429294,,1.72759e-05
7354,3.071971,,1.72636e-05
7355,3.351751,,1.72514e-05
7356,3.628035,,1.72392e-05
7357,3.071139,,1.72269e-05
7358,3.153222,,1.72147e-05
7359,3.402134,,1.72025e-05
7360,3.526224,,1.71903e-05
7361,3.922827,,1.7178e-05
7362,3.717027,,1.71658e-05
7363,3.445262,,1.71536e-05
7364,3.645034,,1.71414e-05
7365,3.260796,,1.71292e-05
7366,2.693837,,1.7117e-05
7367,3.043729,,1.71048e-05
7368,2.871241,,1.70926e-05
7369,2.872237,,1.70804e-05
7370,2.780245,,1.70682e-05
7371,2.558995,,1.70561e-05
7372,2.427720,,1.70439e-05
7373,2.546273,,1.70317e-05
7374,2.505768,,1.70195e-05
7375,2.693672,,1.70074e-05
7376,2.808859,,1.69952e-05
7377,2.777285,,1.6983e-05
7378,2.805073,,1.69709e-05
7379,2.480229,,1.69587e-05
7380,2.975800,,1.69466e-05
7381,2.884381,,1.69344e-05
7382,2.354862,,1.69223e-05
7383,2.462345,,1.69101e-05
7384,2.826900,,1.6898e-05
7385,2.826639,,1.68858e-05
7386,3.038571,,1.68737e-05
7387,3.557491,,1.68616e-05
7388,4.033244,,1.68495e-05
7389,4.142458,,1.68373e-05
7390,3.231355,,1.68252e-05
7391,2.861582,,1.68131e-05
7392,3.675922,,1.6801e-05
7393,2.066753,,1.67889e-05
7394,2.281007,,1.67768e-05
7395,2.320112,,1.67647e-05
7396,2.449094,,1.67526e-05
7397,2.789296,,1.67405e-05
7398,2.616755,,1.67284e-05
7399,2.580460,,1.67163e-05
7400,3.194051,,1.67042e-05
7401,2.913166,,1.66922e-05
7402,2.381812,,1.66801e-05
7403,2.900107,,1.6668e-05
7404,2.736148,,1.66559e-05
7405,3.005966,,1.66439e-05
7406,2.642151,,1.66318e-05
7407,3.210751,,1.66198e-05
7408,2.446970,,1.66077e-05
7409,2.436615,,1.65957e-05
7410,2.669921,,1.65836e-05
7411,2.174746,,1.65716e-05
7412,2.147250,,1.65595e-05
7413,2.238381,,1.65475e-05
7414,2.722129,,1.65354e-05
7415,2.407946,,1.65234e-05
7416,2.816448,,1.65114e-05
7417,2.612917,,1.64994e-05
7418,2.680500,,1.64873e-05
7419,2.650594,,1.64753e-05
7420,2.789794,,1.64633e-05
7421,2.434188,,1.64513e-05
7422,2.703232,,1.64393e-05
7423,2.843849,,1.64273e-05
7424,2.753397,,1.64153e-05
7425,2.877052,,1.64033e-05
7426,2.427391,,1.63913e-05
7427,2.202579,,1.63793e-05
7428,2.267771,,1.63673e-05
7429,2.924525,,1.63554e-05
7430,2.667950,,1.63434e-05
7431,2.674736,,1.63314e-05
7432,2.266424,,1.63194e-05
7433,2.239692,,1.63075e-05
7434,2.545748,,1.62955e-05
7435,2.542850,,1.62836e-05
7436,2.784740,,1.62716e-05
7437,2.335144,,1.62596e-05
7438,2.443130,,1.62477e-05
7439,3.582336,,1.62357e-05
7440,3.168508,,1.62238e-05
7441,3.562718,,1.62119e-05
7442,3.618095,,1.61999e-05
7443,3.582374,,1.6188e-05
7444,3.429972,,1.61761e-05
7445,3.634112,,1.61641e-05
7446,3.247504,,1.61522e-05
7447,3.538088,,1.61403e-05
7448,3.824134,,1.61284e-05
7449,2.945779,,1.61165e-05
7450,3.155071,,1.61046e-05
7451,3.190523,,1.60927e-05
7452,3.050194,,1.60808e-05
7453,3.332361,,1.60689e-05
7454,3.215900,,1.6057e-05
7455,2.842406,,1.60451e-05
7456,3.183332,,1.60332e-05
7457,3.756978,,1.60213e-05
7458,3.676546,,1.60095e-05
7459,2.984351,,1.59976e-05
7460,3.480190,,1.59857e-05
7461,3.466016,,1.59738e-05
7462,3.631986,,1.5962e-05
7463,3.069399,,1.59501e-05
7464,2.632958,,1.59383e-05
7465,3.265262,,1.59264e-05
7466,3.320820,,1.59146e-05
7467,3.450812,,1.59027e-05
7468,3.505903,,1.58909e-05
7469,2.790850,,1.5879e-05
7470,3.714855,,1.58672e-05
7471,3.803701,,1.58554e-05
7472,3.261833,,1.58435e-05
7473,3.370142,,1.58317e-05
7474,3.609348,,1.58199e-05
7475,3.787817,,1.58081e-05
7476,3.426096,,1.57963e-05
7477,3.498304,,1.57845e-05
7478,3.207476,,1.57726e-05
7479,3.571779,,1.57608e-05
7480,3.750897,,1.5749e-05
7481,3.439437,,1.57372e-05
7482,3.622996,,1.57255e-05
7483,3.890052,,1.57137e-05
7484,3.921222,,1.57019e-05
7485,3.694185,,1.56901e-05
7486,3.596756,,1.56783e-05
7487,3.712428,,1.56665e-05
7488,3.858323,,1.56548e-05
7489,3.661650,,1.5643e-05
7490,3.925385,,1.56312e-05
7491,3.911444,,1.56195e-05
7492,3.711585,,1.56077e-05
7493,3.548590,,1.5596e-05
7494,3.805606,,1.55842e-05
7495,3.681142,,1.55725e-05
7496,3.863635,,1.55607e-05
7497,3.525884,,1.5549e-05
7498,3.828321,,1.55373e-05
7499,3.612882,,1.55255e-05
7500,3.648443,3.164921,1.55138e-05
7501,3.800081,,1.55021e-05
7502,3.368060,,1.54904e-05
7503,3.564326,,1.54787e-05
7504,3.837190,,1.54669e-05
7505,3.755286,,1.54552e-05
7506,3.753775,,1.54435e-05
7507,3.922901,,1.54318e-05
7508,2.910254,,1.54201e-05
7509,2.462817,,1.54084e-05
7510,2.629556,,1.53967e-05
7511,2.657672,,1.53851e-05
7512,2.719581,,1.53734e-05
7513,2.882689,,1.53617e-05
7514,3.395576,,1.535e-05
7515,2.749295,,1.53383e-05
7516,2.765960,,1.53267e-05
7517,2.961023,,1.5315e-05
7518,2.600112,,1.53033e-05
7519,2.558439,,1.52917e-05
7520,2.488420,,1.528e-05
7521,3.098742,,1.52684e-05
7522,2.744726,,1.52567e-05
7523,2.378252,,1.52451e-05
7524,3.514654,,1.52334e-05
7525,3.471414,,1.52218e-05
7526,2.763907,,1.52102e-05
7527,2.567322,,1.51985e-05
7528,2.825377,,1.51869e-05
7529,2.770198,,1.51753e-05
7530,3.093298,,1.51637e-05
7531,2.613018,,1.51521e-05
7532,2.485868,,1.51405e-05
7533,2.387511,,1.51288e-05
7534,2.799449,,1.51172e-05
7535,2.542099,,1.51056e-05
7536,2.605632,,1.5094e-05
7537,2.399378,,1.50825e-05
7538,2.411475,,1.50709e-05
7539,2.466917,,1.50593e-05
7540,2.751979,,1.50477e-05
7541,2.154476,,1.50361e-05
7542,2.231733,,1.50245e-05
7543,2.615106,,1.5013e-05
7544,2.303641,,1.50014e-05
7545,2.862790,,1.49898e-05
7546,2.394720,,1.49783e-05
7547,2.629101,,1.49667e-05
7548,2.441592,,1.49552e-05
7549,2.282728,,1.49436e-05
7550,2.179022,,1.49321e-05
7551,2.211973,,1.49205e-05
7552,2.307670,,1.4909e-05
7553,2.608764,,1.48975e-05
7554,2.178451,,1.48859e-05
7555,2.166824,,1.48744e-05
7556,3.132373,,1.48629e-05
7557,2.196205,,1.48514e-05
7558,2.561558,,1.48399e-05
7559,2.995593,,1.48283e-05
7560,2.808557,,1.48168e-05
7561,2.197367,,1.48053e-05
7562,2.986383,,1.47938e-05
7563,2.543650,,1.47823e-05
7564,2.834517,,1.47708e-05
7565,2.612586,,1.47594e-05
7566,2.418902,,1.47479e-05
7567,2.607488,,1.47364e-05
7568,2.655500,,1.47249e-05
7569,3.255032,,1.47134e-05
7570,3.164896,,1.4702e-05
7571,2.955817,,1.46905e-05
7572,2.573526,,1.4679e-05
7573,2.513636,,1.46676e-05
7574,2.748481,,1.46561e-05
7575,2.687835,,1.46447e-05
7576,2.751835,,1.46332e-05
7577,2.588469,,1.46218e-05
7578,2.764852,,1.46103e-05
7579,2.632342,,1.45989e-05
7580,2.580379,,1.45875e-05
7581,2.391504,,1.4576e-05
7582,2.588570,,1.45646e-05
7583,2.481587,,1.45532e-05
7584,2.221534,,1.45418e-05
7585,2.656678,,1.45303e-05
7586,2.700258,,1.45189e-05
7587,2.808089,,1.45075e-05
7588,2.645177,,1.44961e-05
7589,2.036362,,1.44847e-05
7590,2.173562,,1.44733e-05
7591,3.163450,,1.44619e-05
7592,2.800710,,1.44505e-05
7593,2.579854,,1.44391e-05
7594,2.627502,,1.44278e-05
7595,3.037109,,1.44164e-05
7596,2.693188,,1.4405e-05
7597,2.469145,,1.43936e-05
7598,2.549534,,1.43823e-05
7599,2.975509,,1.43709e-05
7600,2.751805,,1.43596e-05
7601,2.784768,,1.43482e-05
7602,2.568205,,1.43368e-05
7603,2.745982,,1.43255e-05
7604,3.029929,,1.43142e-05
7605,3.522286,,1.43028e-05
7606,3.142336,,1.42915e-05
7607,2.965728,,1.42801e-05
7608,2.619347,,1.42688e-05
7609,2.950614,,1.42575e-05
7610,3.269906,,1.42462e-05
7611,3.026537,,1.42348e-05
7612,3.194440,,1.42235e-05
7613,3.219590,,1.42122e-05
7614,3.298430,,1.42009e-05
7615,3.349354,,1.41896e-05
7616,3.691724,,1.41783e-05
7617,2.735753,,1.4167e-05
7618,2.657842,,1.41557e-05
7619,2.547808,,1.41444e-05
7620,2.539383,,1.41332e-05
7621,2.768796,,1.41219e-05
7622,2.346286,,1.41106e-05
7623,3.194878,,1.40993e-05
7624,3.151245,,1.40881e-05
7625,2.889229,,1.40768e-05
7626,3.057356,,1.40655e-05
7627,2.939416,,1.40543e-05
7628,3.037777,,1.4043e-05
7629,2.754364,,1.40318e-05
7630,3.057318,,1.40205e-05
7631,2.654830,,1.40093e-05
7632,2.649572,,1.3998e-05
7633,2.789245,,1.39868e-05
7634,3.293876,,1.39756e-05
7635,2.926101,,1.39643e-05
7636,3.228804,,1.39531e-05
7637,3.139224,,1.39419e-05
7638,3.115000,,1.39307e-05
7639,3.720453,,1.39195e-05
7640,3.891638,,1.39083e-05
7641,3.330008,,1.3897e-05
7642,3.307246,,1.38858e-05
7643,3.039626,,1.38746e-05
7644,3.406299,,1.38635e-05
7645,3.749084,,1.38523e-05
7646,3.129168,,1.38411e-05
7647,2.884237,,1.38299e-05
7648,4.047836,,1.38187e-05
7649,3.834151,,1.38075e-05
7650,3.657598,,1.37964e-05
7651,3.370097,,1.37852e-05
7652,3.347453,,1.3774e-05
7653,3.218301,,1.37629e-05
7654,3.958047,,1.37517e-05
7655,3.062852,,1.37406e-05
7656,3.365929,,1.37294e-05
7657,3.498321,,1.37183e-05
7658,3.801041,,1.37071e-05
7659,3.363012,,1.3696e-05
7660,3.227313,,1.36849e-05
7661,3.718071,,1.36737e-05
7662,3.439230,,1.36626e-05
7663,3.197211,,1.36515e-05
7664,3.532076,,1.36404e-05
7665,3.588897,,1.36293e-05
7666,3.890206,,1.36181e-05
7667,3.487701,,1.3607e-05
7668,3.560124,,1.35959e-05
7669,3.149653,,1.35848e-05
7670,3.021185,,1.35737e-05
7671,3.798551,,1.35627e-05
7672,3.724840,,1.35516e-05
7673,3.803759,,1.35405e-05
7674,3.413921,,1.35294e-05
7675,3.351840,,1.35183e-05
7676,3.395294,,1.35073e-05
7677,3.275026,,1.34962e-05
7678,2.816898,,1.34851e-05
7679,2.696389,,1.34741e-05
7680,2.519983,,1.3463e-05
7681,2.507071,,1.3452e-05
7682,2.874512,,1.34409e-05
7683,3.156634,,1.34299e-05
7684,2.378027,,1.34188e-05
7685,2.493998,,1.34078e-05
7686,2.635364,,1.33967e-05
7687,2.787491,,1.33857e-05
7688,3.254970,,1.33747e-05
7689,2.832875,,1.33637e-05
7690,2.842931,,1.33527e-05
7691,3.511655,,1.33416e-05
7692,2.900626,,1.33306e-05
7693,2.213615,,1.33196e-05
7694,2.845429,,1.33086e-05
7695,2.808499,,1.32976e-05
7696,3.171593,,1.32866e-05
7697,3.050733,,1.32756e-05
7698,2.794165,,1.32646e-05
7699,3.303523,,1.32537e-05
7700,3.031404,,1.32427e-05
7701,2.952737,,1.32317e-05
7702,2.833102,,1.32207e-05
7703,2.459218,,1.32098e-05
7704,2.710320,,1.31988e-05
7705,2.949636,,1.31878e-05
7706,3.854491,,1.31769e-05
7707,3.461962,,1.31659e-05
7708,3.099753,,1.3155e-05
7709,2.601447,,1.3144e-05
7710,2.509509,,1.31331e-05
7711,2.608383,,1.31222e-05
7712,2.764236,,1.31112e-05
7713,2.626961,,1.31003e-05
7714,2.640497,,1.30894e-05
7715,3.131110,,1.30784e-05
7716,2.717206,,1.30675e-05
7717,3.029319,,1.30566e-05
7718,3.633893,,1.30457e-05
7719,3.221769,,1.30348e-05
7720,2.875414,,1.30239e-05
7721,3.200438,,1.3013e-05
7722,4.409968,,1.30021e-05
7723,3.307614,,1.29912e-05
7724,3.401990,,1.29803e-05
7725,2.619855,,1.29694e-05
7726,3.444324,,1.29586e-05
7727,3.299552,,1.29477e-05
7728,2.512366,,1.29368e-05
7729,2.404757,,1.29259e-05
7730,2.851081,,1.29151e-05
7731,2.989516,,1.29042e-05
7732,2.746269,,1.28934e-05
7733,2.626925,,1.28825e-05
7734,2.430533,,1.28717e-05
7735,2.700774,,1.28608e-05
7736,2.769446,,1.285e-05
7737,2.840060,,1.28391e-05
7738,3.110319,,1.28283e-05
7739,2.819202,,1.28175e-05
7740,2.567187,,1.28067e-05
7741,2.713094,,1.27958e-05
7742,2.720529,,1.2785e-05
7743,3.214815,,1.27742e-05
7744,3.130906,,1.27634e-05
7745,2.666603,,1.27526e-05
7746,3.254208,,1.27418e-05
7747,3.342023,,1.2731e-05
7748,3.611918,,1.27202e-05
7749,2.452975,,1.27094e-05
7750,3.200766,3.167017,1.26986e-05
7751,3.360732,,1.26878e-05
7752,3.710334,,1.26771e-05
7753,3.086647,,1.26663e-05
7754,3.586194,,1.26555e-05
7755,3.753484,,1.26448e-05
7756,2.673120,,1.2634e-05
7757,3.131558,,1.26232e-05
7758,3.353936,,1.26125e-05
7759,2.706365,,1.26017e-05
7760,3.015575,,1.2591e-05
7761,2.848432,,1.25802e-05
7762,3.254406,,1.25695e-05
7763,2.802060,,1.25588e-05
7764,2.470379,,1.2548e-05
7765,3.095690,,1.25373e-05
7766,2.692208,,1.25266e-05
7767,2.831971,,1.25159e-05
7768,2.689340,,1.25052e-05
7769,2.500593,,1.24944e-05
7770,2.848163,,1.24837e-05
7771,2.680426,,1.2473e-05
7772,2.920085,,1.24623e-05
7773,2.809427,,1.24516e-05
7774,2.932620,,1.2441e-05
7775,2.850538,,1.24303e-05
7776,2.866275,,1.24196e-05
7777,3.016523,,1.24089e-05
7778,2.540912,,1.23982e-05
7779,2.903411,,1.23876e-05
7780,2.728670,,1.23769e-05
7781,2.796555,,1.23662e-05
7782,3.239829,,1.23556e-05
7783,3.053199,,1.23449e-05
7784,2.900549,,1.23343e-05
7785,3.474279,,1.23236e-05
7786,2.630550,,1.2313e-05
7787,2.960379,,1.23023e-05
7788,2.714159,,1.22917e-05
7789,2.700989,,1.22811e-05
7790,2.725243,,1.22704e-05
7791,2.953344,,1.22598e-05
7792,3.006495,,1.22492e-05
7793,2.682814,,1.22386e-05
7794,2.049629,,1.2228e-05
7795,2.421463,,1.22173e-05
7796,2.854700,,1.22067e-05
7797,3.081288,,1.21961e-05
7798,3.511687,,1.21855e-05
7799,3.532712,,1.21749e-05
7800,2.948260,,1.21644e-05
7801,2.870507,,1.21538e-05
7802,3.200920,,1.21432e-05
7803,3.416988,,1.21326e-05
7804,2.869745,,1.2122e-05
7805,3.292676,,1.21115e-05
7806,3.259299,,1.21009e-05
7807,3.041451,,1.20904e-05
7808,3.201960,,1.20798e-05
7809,3.300351,,1.20692e-05
7810,3.304373,,1.20587e-05
7811,2.523001,,1.20481e-05
7812,2.573488,,1.20376e-05
7813,2.935046,,1.20271e-05
7814,3.283449,,1.20165e-05
7815,3.680236,,1.2006e-05
7816,3.047801,,1.19955e-05
7817,2.749799,,1.1985e-05
7818,2.644245,,1.19744e-05
7819,2.516294,,1.19639e-05
7820,2.680960,,1.19534e-05
7821,3.115823,,1.19429e-05
7822,3.321031,,1.19324e-05
7823,3.128590,,1.19219e-05
7824,2.922824,,1.19114e-05
7825,2.976698,,1.19009e-05
7826,2.885162,,1.18905e-05
7827,3.319629,,1.188e-05
7828,2.628128,,1.18695e-05
7829,3.322475,,1.1859e-05
7830,2.619314,,1.18486e-05
7831,2.848410,,1.18381e-05
7832,3.112071,,1.18276e-05
7833,2.190055,,1.18172e-05
7834,2.816793,,1.18067e-05
7835,2.311589,,1.17963e-05
7836,2.785863,,1.17858e-05
7837,2.536057,,1.17754e-05
7838,2.877189,,1.17649e-05
7839,2.586426,,1.17545e-05
7840,2.700057,,1.17441e-05
7841,2.738006,,1.17337e-05
7842,3.366791,,1.17232e-05
7843,2.632098,,1.17128e-05
7844,3.062462,,1.17024e-05
7845,3.333682,,1.1692e-05
7846,2.809780,,1.16816e-05
7847,2.961622,,1.16712e-05
7848,2.671338,,1.16608e-05
7849,2.897023,,1.16504e-05
7850,2.693136,,1.164e-05
7851,2.755851,,1.16296e-05
7852,2.933641,,1.16192e-05
7853,2.745363,,1.16089e-05
7854,2.924016,,1.15985e-05
7855,2.496033,,1.15881e-05
7856,2.596290,,1.15778e-05
7857,2.777877,,1.15674e-05
7858,3.149588,,1.1557e-05
7859,2.730076,,1.15467e-05
7860,2.992970,,1.15363e-05
7861,2.828711,,1.1526e-05
7862,3.350669,,1.15157e-05
7863,2.711595,,1.15053e-05
7864,2.657444,,1.1495e-05
7865,2.850620,,1.14847e-05
7866,2.731809,,1.14743e-05
7867,2.947607,,1.1464e-05
7868,3.064229,,1.14537e-05
7869,2.587343,,1.14434e-05
7870,2.887474,,1.14331e-05
7871,2.681644,,1.14228e-05
7872,3.195886,,1.14125e-05
7873,3.397489,,1.14022e-05
7874,2.600120,,1.13919e-05
7875,2.689299,,1.13816e-05
7876,2.716778,,1.13713e-05
7877,3.205513,,1.1361e-05
7878,3.184156,,1.13508e-05
7879,3.037812,,1.13405e-05
7880,3.010715,,1.13302e-05
7881,2.965433,,1.132e-05
7882,3.066638,,1.13097e-05
7883,3.071927,,1.12994e-05
7884,3.306983,,1.12892e-05
7885,2.833792,,1.12789e-05
7886,2.463166,,1.12687e-05
7887,2.230637,,1.12585e-05
7888,3.008546,,1.12482e-05
7889,2.581779,,1.1238e-05
7890,2.901031,,1.12278e-05
7891,2.778700,,1.12175e-05
7892,2.635118,,1.12073e-05
7893,2.850867,,1.11971e-05
7894,2.771882,,1.11869e-05
7895,2.881451,,1.11767e-05
7896,3.029171,,1.11665e-05
7897,3.468405,,1.11563e-05
7898,2.718225,,1.11461e-05
7899,2.652162,,1.11359e-05
7900,3.574219,,1.11257e-05
7901,3.382505,,1.11155e-05
7902,3.231157,,1.11054e-05
7903,2.960032,,1.10952e-05
7904,3.118367,,1.1085e-05
7905,3.011770,,1.10749e-05
7906,3.072854,,1.10647e-05
7907,3.511789,,1.10545e-05
7908,3.199638,,1.10444e-05
7909,3.484250,,1.10342e-05
7910,2.956397,,1.10241e-05
7911,2.748829,,1.10139e-05
7912,3.257079,,1.10038e-05
7913,2.936287,,1.09937e-05
7914,2.867423,,1.09835e-05
7915,3.371803,,1.09734e-05
7916,3.150984,,1.09633e-05
7917,3.141043,,1.09532e-05
7918,2.925362,,1.09431e-05
7919,2.985091,,1.0933e-05
7920,3.394308,,1.09229e-05
7921,3.384820,,1.09128e-05
7922,3.044158,,1.09027e-05
7923,3.618515,,1.08926e-05
7924,3.056915,,1.08825e-05
7925,3.283083,,1.08724e-05
7926,3.009905,,1.08623e-05
7927,3.012150,,1.08522e-05
7928,3.121491,,1.08422e-05
7929,3.348912,,1.08321e-05
7930,3.170309,,1.0822e-05
7931,2.996017,,1.0812e-05
7932,3.545033,,1.08019e-05
7933,3.142740,,1.07919e-05
7934,3.208658,,1.07818e-05
7935,2.544335,,1.07718e-05
7936,2.862500,,1.07617e-05
7937,2.378378,,1.07517e-05
7938,2.759065,,1.07417e-05
7939,3.509080,,1.07316e-05
7940,2.540244,,1.07216e-05
7941,2.520021,,1.07116e-05
7942,2.514822,,1.07016e-05
7943,2.872028,,1.06916e-05
7944,2.650792,,1.06816e-05
7945,2.838600,,1.06716e-05
7946,2.726443,,1.06616e-05
7947,2.990349,,1.06516e-05
7948,2.481897,,1.06416e-05
7949,3.476118,,1.06316e-05
7950,3.826948,,1.06216e-05
7951,2.522661,,1.06117e-05
7952,2.996867,,1.06017e-05
7953,3.285955,,1.05917e-05
7954,2.442621,,1.05817e-05
7955,2.813864,,1.05718e-05
7956,2.454227,,1.05618e-05
7957,2.400773,,1.05519e-05
7958,2.056715,,1.05419e-05
7959,3.154758,,1.0532e-05
7960,2.767883,,1.0522e-05
7961,3.010275,,1.05121e-05
7962,2.807795,,1.05022e-05
7963,2.885036,,1.04922e-05
7964,2.925405,,1.04823e-05
7965,3.049598,,1.04724e-05
7966,3.229440,,1.04625e-05
7967,2.990832,,1.04526e-05
7968,2.686083,,1.04427e-05
7969,2.936491,,1.04328e-05
7970,2.749037,,1.04229e-05
7971,2.962445,,1.0413e-05
7972,2.660991,,1.04031e-05
7973,2.715125,,1.03932e-05
7974,3.014288,,1.03833e-05
7975,2.528471,,1.03734e-05
7976,2.747793,,1.03636e-05
7977,2.461828,,1.03537e-05
7978,2.578912,,1.03438e-05
7979,2.542324,,1.0334e-05
7980,3.048783,,1.03241e-05
7981,2.932829,,1.03143e-05
7982,3.083897,,1.03044e-05
7983,3.354681,,1.02946e-05
7984,3.181327,,1.02847e-05
7985,3.223259,,1.02749e-05
7986,2.324157,,1.02651e-05
7987,2.569821,,1.02552e-05
7988,3.121959,,1.02454e-05
7989,3.582144,,1.02356e-05
7990,3.056776,,1.02258e-05
7991,2.761592,,1.0216e-05
7992,2.849583,,1.02062e-05
7993,3.173552,,1.01964e-05
7994,3.921525,,1.01866e-05
7995,3.479989,,1.01768e-05
7996,3.228791,,1.0167e-05
7997,3.740620,,1.01572e-05
7998,3.279597,,1.01474e-05
7999,3.438443,,1.01376e-05
8000,3.317520,3.170323,1.01279e-05
8001,3.693419,,1.01181e-05
8002,3.353791,,1.01083e-05
8003,2.195237,,1.00986e-05
8004,2.865466,,1.00888e-05
8005,2.997292,,1.00791e-05
8006,2.821695,,1.00693e-05
8007,2.954039,,1.00596e-05
8008,3.010346,,1.00498e-05
8009,3.122567,,1.00401e-05
8010,3.113399,,1.00304e-05
8011,3.199212,,1.00206e-05
8012,2.761145,,1.00109e-05
8013,3.051958,,1.00012e-05
8014,3.235592,,9.99147e-06
8015,2.594130,,9.98176e-06
8016,3.278017,,9.97206e-06
8017,3.282995,,9.96235e-06
8018,3.204838,,9.95266e-06
8019,3.577442,,9.94296e-06
8020,3.164130,,9.93327e-06
8021,3.229889,,9.92359e-06
8022,2.293413,,9.91391e-06
8023,2.534256,,9.90423e-06
8024,2.156179,,9.89456e-06
8025,3.269643,,9.88489e-06
8026,3.166107,,9.87522e-06
8027,3.148964,,9.86556e-06
8028,3.143153,,9.85591e-06
8029,3.685120,,9.84626e-06
8030,3.809894,,9.83661e-06
8031,3.490173,,9.82697e-06
8032,3.628307,,9.81733e-06
8033,3.460313,,9.80769e-06
8034,3.293729,,9.79806e-06
8035,2.934007,,9.78844e-06
8036,3.490541,,9.77881e-06
8037,3.184988,,9.7692e-06
8038,2.419869,,9.75958e-06
8039,2.528724,,9.74997e-06
8040,4.166248,,9.74037e-06
8041,3.978436,,9.73077e-06
8042,3.277126,,9.72117e-06
8043,3.455287,,9.71158e-06
8044,2.411035,,9.70199e-06
8045,2.461498,,9.6924e-06
8046,2.567451,,9.68282e-06
8047,2.457596,,9.67325e-06
8048,2.363245,,9.66368e-06
8049,2.200349,,9.65411e-06
8050,2.039271,,9.64455e-06
8051,2.318593,,9.63499e-06
8052,2.628098,,9.62543e-06
8053,2.691566,,9.61588e-06
8054,2.789361,,9.60634e-06
8055,2.983620,,9.5968e-06
8056,2.273380,,9.58726e-06
8057,2.482827,,9.57772e-06
8058,2.601680,,9.5682e-06
8059,2.229301,,9.55867e-06
8060,2.443585,,9.54915e-06
8061,2.685181,,9.53963e-06
8062,2.242977,,9.53012e-06
8063,3.301737,,9.52061e-06
8064,2.730102,,9.51111e-06
8065,2.374864,,9.50161e-06
8066,2.030113,,9.49212e-06
8067,2.179541,,9.48263e-06
8068,2.632335,,9.47314e-06
8069,2.422106,,9.46366e-06
8070,2.093175,,9.45418e-06
8071,2.213258,,9.4447e-06
8072,2.441677,,9.43523e-06
8073,2.770481,,9.42577e-06
8074,2.333280,,9.41631e-06
8075,2.412804,,9.40685e-06
8076,2.650553,,9.3974e-06
8077,2.849749,,9.38795e-06
8078,3.124360,,9.37851e-06
8079,2.725565,,9.36907e-06
8080,3.459997,,9.35963e-06
8081,2.968375,,9.3502e-06
8082,2.729807,,9.34077e-06
8083,3.081720,,9.33135e-06
8084,2.883886,,9.32193e-06
8085,2.922444,,9.31252e-06
8086,2.983370,,9.30311e-06
8087,3.363265,,9.2937e-06
8088,3.738042,,9.2843e-06
8089,3.606486,,9.2749e-06
8090,3.287394,,9.26551e-06
8091,3.751368,,9.25612e-06
8092,3.344810,,9.24674e-06
8093,2.874774,,9.23736e-06
8094,3.135098,,9.22798e-06
8095,2.715482,,9.21861e-06
8096,2.652975,,9.20924e-06
8097,3.770725,,9.19988e-06
8098,3.474106,,9.19052e-06
8099,3.745857,,9.18117e-06
8100,3.181190,,9.17182e-06
8101,3.076986,,9.16247e-06
8102,3.286459,,9.15313e-06
8103,3.804089,,9.14379e-06
8104,3.746029,,9.13446e-06
8105,3.534358,,9.12513e-06
8106,3.330757,,9.11581e-06
8107,2.831611,,9.10649e-06
8108,2.110530,,9.09717e-06
8109,2.195619,,9.08786e-06
8110,3.312827,,9.07855e-06
8111,3.191877,,9.06925e-06
8112,3.652685,,9.05995e-06
8113,2.693048,,9.05066e-06
8114,3.063843,,9.04137e-06
8115,3.436530,,9.03208e-06
8116,3.243335,,9.0228e-06
8117,3.019026,,9.01352e-06
8118,3.467643,,9.00425e-06
8119,3.297131,,8.99498e-06
8120,3.705320,,8.98572e-06
8121,3.242769,,8.97646e-06
8122,2.394017,,8.9672e-06
8123,2.391095,,8.95795e-06
8124,2.411404,,8.9487e-06
8125,2.455482,,8.93946e-06
8126,2.189871,,8.93022e-06
8127,2.777016,,8.92099e-06
8128,2.636068,,8.91176e-06
8129,3.010785,,8.90253e-06
8130,2.894068,,8.89331e-06
8131,2.862541,,8.88409e-06
8132,2.474249,,8.87488e-06
8133,2.693657,,8.86567e-06
8134,3.377565,,8.85647e-06
8135,2.738529,,8.84727e-06
8136,2.735317,,8.83807e-06
8137,2.937407,,8.82888e-06
8138,2.303027,,8.8197e-06
8139,2.878886,,8.81051e-06
8140,2.603461,,8.80134e-06
8141,2.513373,,8.79216e-06
8142,2.733650,,8.78299e-06
8143,2.680928,,8.77383e-06
8144,3.117061,,8.76467e-06
8145,2.762203,,8.75551e-06
8146,2.910831,,8.74636e-06
8147,2.574409,,8.73721e-06
8148,2.932235,,8.72807e-06
8149,2.659821,,8.71893e-06
8150,2.932323,,8.70979e-06
8151,2.661790,,8.70066e-06
8152,2.293011,,8.69154e-06
8153,2.083755,,8.68241e-06
8154,2.133259,,8.6733e-06
8155,2.594108,,8.66418e-06
8156,2.620573,,8.65508e-06
8157,3.482605,,8.64597e-06
8158,3.460748,,8.63687e-06
8159,2.107560,,8.62778e-06
8160,2.407193,,8.61868e-06
8161,2.821201,,8.6096e-06
8162,2.757837,,8.60051e-06
8163,2.513926,,8.59144e-06
8164,3.110557,,8.58236e-06
8165,3.864731,,8.57329e-06
8166,3.880525,,8.56423e-06
8167,3.615592,,8.55517e-06
8168,3.859911,,8.54611e-06
8169,3.283534,,8.53706e-06
8170,3.592434,,8.52801e-06
8171,3.820965,,8.51897e-06
8172,2.986996,,8.50993e-06
8173,3.365442,,8.50089e-06
8174,3.286516,,8.49186e-06
8175,2.138109,,8.48283e-06
8176,2.550813,,8.47381e-06
8177,2.483267,,8.4648e-06
8178,2.234628,,8.45578e-06
8179,2.250735,,8.44677e-06
8180,2.916667,,8.43777e-06
8181,3.291450,,8.42877e-06
8182,3.602790,,8.41977e-06
8183,3.430361,,8.41078e-06
8184,3.135633,,8.40179e-06
8185,3.584934,,8.39281e-06
8186,3.041255,,8.38383e-06
8187,2.488147,,8.37486e-06
8188,3.235512,,8.36589e-06
8189,2.752077,,8.35693e-06
8190,3.155412,,8.34796e-06
8191,2.601751,,8.33901e-06
8192,2.824975,,8.33006e-06
8193,2.842184,,8.32111e-06
8194,3.200170,,8.31217e-06
8195,3.691833,,8.30323e-06
8196,3.891361,,8.29429e-06
8197,4.249110,,8.28536e-06
8198,3.800972,,8.27644e-06
8199,4.045342,,8.26751e-06
8200,3.411552,,8.2586e-06
8201,3.694276,,8.24968e-06
8202,2.853909,,8.24078e-06
8203,2.626160,,8.23187e-06
8204,1.885481,,8.22297e-06
8205,1.866298,,8.21408e-06
8206,2.841960,,8.20519e-06
8207,2.758919,,8.1963e-06
8208,3.011689,,8.18742e-06
8209,2.922690,,8.17854e-06
8210,3.133685,,8.16967e-06
8211,3.624882,,8.1608e-06
8212,3.675699,,8.15193e-06
8213,3.593513,,8.14307e-06
8214,3.801533,,8.13422e-06
8215,3.901001,,8.12537e-06
8216,2.881144,,8.11652e-06
8217,2.417992,,8.10768e-06
8218,2.138869,,8.09884e-06
8219,2.593688,,8.09001e-06
8220,3.808179,,8.08118e-06
8221,3.516448,,8.07235e-06
8222,3.133047,,8.06353e-06
8223,3.105721,,8.05472e-06
8224,2.745721,,8.0459e-06
8225,2.687866,,8.0371e-06
8226,3.028857,,8.02829e-06
8227,3.221322,,8.0195e-06
8228,2.781017,,8.0107e-06
8229,2.571034,,8.00191e-06
8230,3.137155,,7.99313e-06
8231,3.067902,,7.98435e-06
8232,3.492742,,7.97557e-06
8233,3.371881,,7.9668e-06
8234,3.286323,,7.95803e-06
8235,3.345098,,7.94927e-06
8236,3.833792,,7.94051e-06
8237,3.679918,,7.93175e-06
8238,3.710781,,7.923e-06
8239,3.338792,,7.91426e-06
8240,3.621805,,7.90552e-06
8241,3.470461,,7.89678e-06
8242,3.775368,,7.88805e-06
8243,3.473039,,7.87932e-06
8244,3.733496,,7.8706e-06
8245,3.423785,,7.86188e-06
8246,3.558205,,7.85316e-06
8247,3.572762,,7.84445e-06
8248,3.576240,,7.83575e-06
8249,3.390523,,7.82704e-06
8250,3.512413,3.148607,7.81835e-06
8251,3.066597,,7.80965e-06
8252,3.022404,,7.80097e-06
8253,3.153623,,7.79228e-06
8254,3.389831,,7.7836e-06
8255,3.592417,,7.77493e-06
8256,3.586766,,7.76626e-06
8257,3.397784,,7.75759e-06
8258,3.669783,,7.74893e-06
8259,3.607364,,7.74027e-06
8260,2.532591,,7.73162e-06
8261,2.345840,,7.72297e-06
8262,3.155912,,7.71433e-06
8263,3.287803,,7.70569e-06
8264,2.972505,,7.69705e-06
8265,3.412901,,7.68842e-06
8266,3.504559,,7.6798e-06
8267,2.593041,,7.67118e-06
8268,3.143285,,7.66256e-06
8269,3.101129,,7.65395e-06
8270,3.346576,,7.64534e-06
8271,2.759187,,7.63673e-06
8272,2.996217,,7.62813e-06
8273,2.593990,,7.61954e-06
8274,3.305599,,7.61095e-06
8275,3.609716,,7.60236e-06
8276,3.420718,,7.59378e-06
8277,3.328406,,7.5852e-06
8278,3.129094,,7.57663e-06
8279,3.265141,,7.56806e-06
8280,3.062139,,7.5595e-06
8281,3.231156,,7.55094e-06
8282,3.297230,,7.54239e-06
8283,2.635248,,7.53383e-06
8284,3.409170,,7.52529e-06
8285,3.187588,,7.51675e-06
8286,2.556549,,7.50821e-06
8287,2.936505,,7.49968e-06
8288,3.355608,,7.49115e-06
8289,2.520718,,7.48263e-06
8290,2.453894,,7.47411e-06
8291,3.279193,,7.46559e-06
8292,3.667061,,7.45708e-06
8293,3.107467,,7.44858e-06
8294,2.813668,,7.44007e-06
8295,3.101840,,7.43158e-06
8296,2.470071,,7.42308e-06
8297,2.287835,,7.4146e-06
8298,2.678204,,7.40611e-06
8299,3.303217,,7.39763e-06
8300,3.028731,,7.38916e-06
8301,3.389131,,7.38069e-06
8302,2.759927,,7.37222e-06
8303,2.832870,,7.36376e-06
8304,2.854023,,7.3553e-06
8305,2.291498,,7.34685e-06
8306,2.007833,,7.3384e-06
8307,2.438359,,7.32996e-06
8308,2.468707,,7.32152e-06
8309,2.467344,,7.31309e-06
8310,3.094642,,7.30466e-06
8311,3.262159,,7.29623e-06
8312,3.019973,,7.28781e-06
8313,3.361762,,7.2794e-06
8314,3.389696,,7.27098e-06
8315,2.884256,,7.26258e-06
8316,2.921889,,7.25417e-06
8317,3.159178,,7.24577e-06
8318,2.947974,,7.23738e-06
8319,3.218512,,7.22899e-06
8320,3.042065,,7.22061e-06
8321,3.164618,,7.21223e-06
8322,2.833178,,7.20385e-06
8323,2.166108,,7.19548e-06
8324,2.597076,,7.18711e-06
8325,2.958994,,7.17875e-06
8326,2.654343,,7.17039e-06
8327,2.568405,,7.16204e-06
8328,2.221015,,7.15369e-06
8329,2.801496,,7.14534e-06
8330,2.712500,,7.137e-06
8331,2.934534,,7.12867e-06
8332,2.373243,,7.12034e-06
8333,2.974453,,7.11201e-06
8334,2.768501,,7.10369e-06
8335,3.130090,,7.09537e-06
8336,2.448885,,7.08706e-06
8337,2.872215,,7.07875e-06
8338,2.942934,,7.07044e-06
8339,2.978806,,7.06214e-06
8340,2.871548,,7.05385e-06
8341,2.926493,,7.04556e-06
8342,3.168260,,7.03727e-06
8343,3.326755,,7.02899e-06
8344,3.263510,,7.02071e-06
8345,3.732216,,7.01244e-06
8346,3.395068,,7.00417e-06
8347,2.551798,,6.99591e-06
8348,2.578966,,6.98765e-06
8349,2.713669,,6.97939e-06
8350,2.684883,,6.97114e-06
8351,2.798947,,6.9629e-06
8352,2.765529,,6.95466e-06
8353,3.017557,,6.94642e-06
8354,3.474721,,6.93819e-06
8355,2.848210,,6.92996e-06
8356,3.376871,,6.92174e-06
8357,3.421842,,6.91352e-06
8358,3.180865,,6.90531e-06
8359,3.308670,,6.8971e-06
8360,3.417496,,6.88889e-06
8361,3.319133,,6.88069e-06
8362,3.295739,,6.8725e-06
8363,3.338298,,6.8643e-06
8364,3.242486,,6.85612e-06
8365,3.421819,,6.84794e-06
8366,2.879216,,6.83976e-06
8367,2.971690,,6.83158e-06
8368,3.072953,,6.82342e-06
8369,3.196826,,6.81525e-06
8370,3.536314,,6.80709e-06
8371,3.480285,,6.79894e-06
8372,3.543793,,6.79079e-06
8373,2.794519,,6.78264e-06
8374,2.979214,,6.7745e-06
8375,2.415305,,6.76636e-06
8376,2.564723,,6.75823e-06
8377,3.026075,,6.7501e-06
8378,2.633542,,6.74198e-06
8379,3.263268,,6.73386e-06
8380,2.763512,,6.72574e-06
8381,3.371485,,6.71763e-06
8382,3.128686,,6.70953e-06
8383,2.724555,,6.70143e-06
8384,2.691909,,6.69333e-06
8385,3.668302,,6.68524e-06
8386,3.623004,,6.67715e-06
8387,3.543982,,6.66907e-06
8388,3.132356,,6.66099e-06
8389,3.456964,,6.65292e-06
8390,3.510178,,6.64485e-06
8391,3.485659,,6.63679e-06
8392,3.441784,,6.62873e-06
8393,3.200772,,6.62067e-06
8394,3.643504,,6.61262e-06
8395,3.124508,,6.60458e-06
8396,3.658075,,6.59653e-06
8397,3.175518,,6.5885e-06
8398,3.323852,,6.58046e-06
8399,3.486045,,6.57244e-06
8400,3.260856,,6.56441e-06
8401,3.710672,,6.55639e-06
8402,3.226284,,6.54838e-06
8403,3.598105,,6.54037e-06
8404,3.446581,,6.53237e-06
8405,3.612476,,6.52436e-06
8406,3.565940,,6.51637e-06
8407,3.473309,,6.50838e-06
8408,3.326547,,6.50039e-06
8409,3.543299,,6.49241e-06
8410,3.540938,,6.48443e-06
8411,3.409447,,6.47646e-06
8412,3.382236,,6.46849e-06
8413,3.409257,,6.46052e-06
8414,3.251423,,6.45257e-06
8415,3.398628,,6.44461e-06
8416,3.289779,,6.43666e-06
8417,3.429824,,6.42871e-06
8418,3.392632,,6.42077e-06
8419,2.887480,,6.41284e-06
8420,2.859787,,6.4049e-06
8421,3.248980,,6.39698e-06
8422,2.746477,,6.38905e-06
8423,2.606608,,6.38114e-06
8424,2.241232,,6.37322e-06
8425,2.670301,,6.36531e-06
8426,2.820315,,6.35741e-06
8427,3.167006,,6.34951e-06
8428,2.629743,,6.34161e-06
8429,2.376784,,6.33372e-06
8430,2.341521,,6.32584e-06
8431,2.696264,,6.31795e-06
8432,3.359990,,6.31008e-06
8433,2.623343,,6.3022e-06
8434,2.729238,,6.29434e-06
8435,3.043889,,6.28647e-06
8436,2.827781,,6.27861e-06
8437,2.704881,,6.27076e-06
8438,3.049748,,6.26291e-06
8439,2.719905,,6.25506e-06
8440,2.801164,,6.24722e-06
8441,2.637105,,6.23939e-06
8442,2.789575,,6.23156e-06
8443,2.871457,,6.22373e-06
8444,2.689004,,6.21591e-06
8445,3.103657,,6.20809e-06
8446,2.695994,,6.20028e-06
8447,2.646061,,6.19247e-06
8448,2.692919,,6.18467e-06
8449,2.959623,,6.17687e-06
8450,3.013050,,6.16907e-06
8451,3.685436,,6.16128e-06
8452,3.439037,,6.1535e-06
8453,3.117870,,6.14572e-06
8454,3.260342,,6.13794e-06
8455,3.843791,,6.13017e-06
8456,3.282797,,6.1224e-06
8457,3.630756,,6.11464e-06
8458,3.550077,,6.10688e-06
8459,3.457538,,6.09913e-06
8460,3.239516,,6.09138e-06
8461,2.300912,,6.08364e-06
8462,2.337270,,6.0759e-06
8463,3.733593,,6.06816e-06
8464,3.449101,,6.06043e-06
8465,3.261593,,6.05271e-06
8466,3.682091,,6.04499e-06
8467,2.597126,,6.03727e-06
8468,2.903298,,6.02956e-06
8469,2.768281,,6.02185e-06
8470,2.638554,,6.01415e-06
8471,2.398827,,6.00645e-06
8472,3.162782,,5.99876e-06
8473,2.934151,,5.99107e-06
8474,2.586248,,5.98339e-06
8475,2.602014,,5.97571e-06
8476,3.050137,,5.96803e-06
8477,3.209866,,5.96036e-06
8478,3.184135,,5.9527e-06
8479,2.888004,,5.94503e-06
8480,2.763440,,5.93738e-06
8481,3.361673,,5.92973e-06
8482,3.235341,,5.92208e-06
8483,2.569746,,5.91444e-06
8484,2.720875,,5.9068e-06
8485,3.033636,,5.89917e-06
8486,3.523383,,5.89154e-06
8487,3.073175,,5.88391e-06
8488,2.824726,,5.8763e-06
8489,3.121266,,5.86868e-06
8490,3.386569,,5.86107e-06
8491,3.082000,,5.85347e-06
8492,2.500013,,5.84586e-06
8493,3.223030,,5.83827e-06
8494,2.621166,,5.83068e-06
8495,2.424143,,5.82309e-06
8496,2.882080,,5.81551e-06
8497,2.254083,,5.80793e-06
8498,2.377651,,5.80036e-06
8499,2.499918,,5.79279e-06
8500,2.592613,3.146810,5.78523e-06
8501,2.691739,,5.77767e-06
8502,3.074620,,5.77011e-06
8503,3.232908,,5.76256e-06
8504,2.877856,,5.75502e-06
8505,2.841389,,5.74748e-06
8506,2.826193,,5.73994e-06
8507,2.657073,,5.73241e-06
8508,2.674620,,5.72488e-06
8509,2.608113,,5.71736e-06
8510,2.494311,,5.70984e-06
8511,2.870220,,5.70233e-06
8512,3.894721,,5.69482e-06
8513,3.576766,,5.68732e-06
8514,3.434640,,5.67982e-06
8515,3.219929,,5.67233e-06
8516,3.751805,,5.66484e-06
8517,2.918089,,5.65735e-06
8518,2.593516,,5.64987e-06
8519,3.273786,,5.6424e-06
8520,3.601420,,5.63493e-06
8521,3.118947,,5.62746e-06
8522,3.071635,,5.62e-06
8523,3.231268,,5.61254e-06
8524,3.000835,,5.60509e-06
8525,3.345750,,5.59764e-06
8526,3.571975,,5.5902e-06
8527,2.792994,,5.58276e-06
8528,2.777798,,5.57533e-06
8529,3.015505,,5.5679e-06
8530,2.783677,,5.56048e-06
8531,3.060340,,5.55306e-06
8532,2.764546,,5.54564e-06
8533,2.346330,,5.53823e-06
8534,2.744075,,5.53083e-06
8535,3.006297,,5.52343e-06
8536,2.881537,,5.51603e-06
8537,3.163428,,5.50864e-06
8538,3.466416,,5.50125e-06
8539,3.222762,,5.49387e-06
8540,3.260711,,5.48649e-06
8541,3.273064,,5.47912e-06
8542,3.697581,,5.47175e-06
8543,3.427205,,5.46439e-06
8544,3.474747,,5.45703e-06
8545,3.376664,,5.44967e-06
8546,3.087536,,5.44232e-06
8547,3.739127,,5.43498e-06
8548,4.164732,,5.42764e-06
8549,4.010918,,5.4203e-06
8550,2.277932,,5.41297e-06
8551,3.188993,,5.40565e-06
8552,3.671476,,5.39833e-06
8553,3.765785,,5.39101e-06
8554,3.152664,,5.3837e-06
8555,3.460611,,5.37639e-06
8556,3.411476,,5.36909e-06
8557,2.887262,,5.36179e-06
8558,3.687621,,5.3545e-06
8559,2.222955,,5.34721e-06
8560,2.702354,,5.33992e-06
8561,2.550781,,5.33264e-06
8562,3.112171,,5.32537e-06
8563,2.730097,,5.3181e-06
8564,2.666091,,5.31083e-06
8565,2.990365,,5.30357e-06
8566,3.023093,,5.29632e-06
8567,3.224046,,5.28907e-06
8568,3.040673,,5.28182e-06
8569,3.011226,,5.27458e-06
8570,3.034714,,5.26734e-06
8571,2.939762,,5.26011e-06
8572,2.895164,,5.25288e-06
8573,3.488460,,5.24566e-06
8574,3.018463,,5.23844e-06
8575,3.731794,,5.23123e-06
8576,3.265172,,5.22402e-06
8577,2.820788,,5.21681e-06
8578,3.345238,,5.20961e-06
8579,2.567514,,5.20242e-06
8580,2.465599,,5.19523e-06
8581,3.628468,,5.18804e-06
8582,3.594911,,5.18086e-06
8583,3.147814,,5.17369e-06
8584,2.955214,,5.16651e-06
8585,2.573298,,5.15935e-06
8586,2.787486,,5.15219e-06
8587,2.372032,,5.14503e-06
8588,2.330725,,5.13788e-06
8589,2.697225,,5.13073e-06
8590,2.785454,,5.12359e-06
8591,3.190766,,5.11645e-06
8592,3.599421,,5.10931e-06
8593,3.289204,,5.10218e-06
8594,2.454433,,5.09506e-06
8595,2.577329,,5.08794e-06
8596,2.430678,,5.08083e-06
8597,2.532422,,5.07372e-06
8598,3.113112,,5.06661e-06
8599,2.126522,,5.05951e-06
8600,2.697970,,5.05241e-06
8601,3.013709,,5.04532e-06
8602,3.149248,,5.03824e-06
8603,2.804404,,5.03115e-06
8604,2.738896,,5.02408e-06
8605,2.751401,,5.017e-06
8606,3.036507,,5.00994e-06
8607,2.280537,,5.00287e-06
8608,3.086010,,4.99581e-06
8609,3.051927,,4.98876e-06
8610,2.887187,,4.98171e-06
8611,3.103459,,4.97467e-06
8612,3.678964,,4.96763e-06
8613,2.996080,,4.96059e-06
8614,3.209509,,4.95356e-06
8615,2.698216,,4.94654e-06
8616,2.853178,,4.93952e-06
8617,2.805346,,4.9325e-06
8618,2.768138,,4.92549e-06
8619,2.933577,,4.91849e-06
8620,2.949303,,4.91148e-06
8621,2.573828,,4.90449e-06
8622,2.664846,,4.8975e-06
8623,2.891526,,4.89051e-06
8624,3.098533,,4.88353e-06
8625,2.878104,,4.87655e-06
8626,2.886901,,4.86957e-06
8627,2.592135,,4.86261e-06
8628,2.878857,,4.85564e-06
8629,2.481371,,4.84868e-06
8630,2.678786,,4.84173e-06
8631,2.908207,,4.83478e-06
8632,3.192906,,4.82783e-06
8633,2.813256,,4.82089e-06
8634,2.499338,,4.81396e-06
8635,3.442738,,4.80703e-06
8636,3.061529,,4.8001e-06
8637,3.031931,,4.79318e-06
8638,2.838656,,4.78627e-06
8639,2.824414,,4.77935e-06
8640,2.926710,,4.77245e-06
8641,2.798138,,4.76554e-06
8642,2.508844,,4.75865e-06
8643,2.858058,,4.75175e-06
8644,2.949054,,4.74487e-06
8645,2.902724,,4.73798e-06
8646,2.749958,,4.73111e-06
8647,2.953345,,4.72423e-06
8648,3.045249,,4.71736e-06
8649,3.261548,,4.7105e-06
8650,3.061420,,4.70364e-06
8651,2.941877,,4.69678e-06
8652,1.826644,,4.68994e-06
8653,2.425475,,4.68309e-06
8654,2.844212,,4.67625e-06
8655,2.690917,,4.66941e-06
8656,2.611698,,4.66258e-06
8657,2.550981,,4.65576e-06
8658,3.274534,,4.64894e-06
8659,3.400153,,4.64212e-06
8660,2.782477,,4.63531e-06
8661,2.950376,,4.6285e-06
8662,2.946732,,4.6217e-06
8663,3.591473,,4.6149e-06
8664,3.318111,,4.60811e-06
8665,3.322391,,4.60132e-06
8666,2.232556,,4.59454e-06
8667,3.168110,,4.58776e-06
8668,3.017638,,4.58098e-06
8669,2.656549,,4.57422e-06
8670,2.153425,,4.56745e-06
8671,2.917852,,4.56069e-06
8672,2.331093,,4.55394e-06
8673,2.410414,,4.54719e-06
8674,3.193416,,4.54044e-06
8675,3.487327,,4.5337e-06
8676,3.297701,,4.52697e-06
8677,2.793240,,4.52024e-06
8678,3.089717,,4.51351e-06
8679,3.005714,,4.50679e-06
8680,2.810551,,4.50007e-06
8681,2.909560,,4.49336e-06
8682,2.087536,,4.48665e-06
8683,2.250976,,4.47995e-06
8684,2.618055,,4.47325e-06
8685,2.788633,,4.46656e-06
8686,3.740777,,4.45987e-06
8687,3.288126,,4.45319e-06
8688,3.694722,,4.44651e-06
8689,2.550733,,4.43984e-06
8690,2.590354,,4.43317e-06
8691,2.873505,,4.4265e-06
8692,2.609175,,4.41985e-06
8693,2.699601,,4.41319e-06
8694,3.111314,,4.40654e-06
8695,2.769715,,4.3999e-06
8696,3.120477,,4.39326e-06
8697,2.184509,,4.38662e-06
8698,2.571239,,4.37999e-06
8699,2.481471,,4.37337e-06
8700,2.796622,,4.36674e-06
8701,2.732520,,4.36013e-06
8702,2.973492,,4.35352e-06
8703,2.349139,,4.34691e-06
8704,2.832897,,4.34031e-06
8705,2.872010,,4.33371e-06
8706,2.716469,,4.32712e-06
8707,2.805715,,4.32053e-06
8708,3.085684,,4.31395e-06
8709,2.918989,,4.30737e-06
8710,2.663356,,4.3008e-06
8711,2.752764,,4.29423e-06
8712,2.332729,,4.28767e-06
8713,2.950707,,4.28111e-06
8714,2.662083,,4.27455e-06
8715,2.789871,,4.26801e-06
8716,2.707423,,4.26146e-06
8717,2.757542,,4.25492e-06
8718,2.985366,,4.24839e-06
8719,2.703256,,4.24186e-06
8720,2.461705,,4.23533e-06
8721,2.766298,,4.22881e-06
8722,2.953638,,4.2223e-06
8723,2.632507,,4.21579e-06
8724,2.461556,,4.20928e-06
8725,2.475434,,4.20278e-06
8726,3.004391,,4.19628e-06
8727,2.982616,,4.18979e-06
8728,3.342475,,4.1833e-06
8729,2.680135,,4.17682e-06
8730,2.816921,,4.17035e-06
8731,3.101409,,4.16387e-06
8732,2.789457,,4.15741e-06
8733,2.629892,,4.15094e-06
8734,3.483380,,4.14449e-06
8735,3.432185,,4.13803e-06
8736,3.579495,,4.13158e-06
8737,2.874794,,4.12514e-06
8738,2.667849,,4.1187e-06
8739,2.957238,,4.11227e-06
8740,2.936739,,4.10584e-06
8741,2.729375,,4.09942e-06
8742,2.608098,,4.093e-06
8743,2.982066,,4.08658e-06
8744,2.906570,,4.08017e-06
8745,2.661201,,4.07377e-06
8746,3.569539,,4.06737e-06
8747,2.993925,,4.06097e-06
8748,3.608114,,4.05458e-06
8749,3.257069,,4.0482e-06
8750,2.948457,3.154373,4.04182e-06
8751,3.505569,,4.03544e-06
8752,3.260620,,4.02907e-06
8753,3.653400,,4.0227e-06
8754,3.408440,,4.01634e-06
8755,3.464815,,4.00998e-06
8756,3.563270,,4.00363e-06
8757,3.736579,,3.99729e-06
8758,4.015548,,3.99094e-06
8759,3.302610,,3.98461e-06
8760,3.518535,,3.97827e-06
8761,3.318478,,3.97195e-06
8762,2.740922,,3.96562e-06
8763,2.766680,,3.9593e-06
8764,3.077944,,3.95299e-06
8765,2.627456,,3.94668e-06
8766,2.809375,,3.94038e-06
8767,3.294356,,3.93408e-06
8768,3.195862,,3.92779e-06
8769,3.548351,,3.9215e-06
8770,3.249201,,3.91521e-06
8771,3.487727,,3.90893e-06
8772,3.754489,,3.90266e-06
8773,3.285928,,3.89639e-06
8774,3.048106,,3.89013e-06
8775,2.928805,,3.88387e-06
8776,3.691044,,3.87761e-06
8777,3.189072,,3.87136e-06
8778,2.760378,,3.86511e-06
8779,3.195943,,3.85887e-06
8780,3.174403,,3.85264e-06
8781,3.308800,,3.84641e-06
8782,3.179744,,3.84018e-06
8783,3.252851,,3.83396e-06
8784,3.454216,,3.82774e-06
8785,3.476305,,3.82153e-06
8786,2.869180,,3.81532e-06
8787,3.361559,,3.80912e-06
8788,2.860994,,3.80293e-06
8789,3.135660,,3.79673e-06
8790,2.785930,,3.79055e-06
8791,2.537508,,3.78436e-06
8792,3.059347,,3.77819e-06
8793,2.838305,,3.77201e-06
8794,2.816449,,3.76584e-06
8795,2.143164,,3.75968e-06
8796,3.011485,,3.75352e-06
8797,3.103015,,3.74737e-06
8798,2.623558,,3.74122e-06
8799,3.011713,,3.73508e-06
8800,2.678745,,3.72894e-06
8801,2.808258,,3.7228e-06
8802,3.407507,,3.71668e-06
8803,2.861752,,3.71055e-06
8804,2.931588,,3.70443e-06
8805,2.399311,,3.69832e-06
8806,3.199369,,3.69221e-06
8807,3.422696,,3.6861e-06
8808,2.934134,,3.68e-06
8809,3.118273,,3.67391e-06
8810,2.687798,,3.66782e-06
8811,3.118871,,3.66173e-06
8812,2.665217,,3.65565e-06
8813,2.871154,,3.64957e-06
8814,2.659822,,3.6435e-06
8815,3.339509,,3.63744e-06
8816,3.296588,,3.63138e-06
8817,3.131523,,3.62532e-06
8818,2.952044,,3.61927e-06
8819,3.648944,,3.61322e-06
8820,2.967814,,3.60718e-06
8821,3.575627,,3.60114e-06
8822,2.725943,,3.59511e-06
8823,2.770976,,3.58908e-06
8824,3.029915,,3.58306e-06
8825,2.987541,,3.57705e-06
8826,3.166306,,3.57103e-06
8827,2.881431,,3.56503e-06
8828,3.427756,,3.55902e-06
8829,3.479396,,3.55302e-06
8830,3.358347,,3.54703e-06
8831,3.121796,,3.54104e-06
8832,3.217221,,3.53506e-06
8833,2.982500,,3.52908e-06
8834,2.976996,,3.52311e-06
8835,3.237613,,3.51714e-06
8836,2.966937,,3.51118e-06
8837,3.057559,,3.50522e-06
8838,2.828695,,3.49926e-06
8839,2.968939,,3.49331e-06
8840,2.840636,,3.48737e-06
8841,2.897509,,3.48143e-06
8842,3.053691,,3.4755e-06
8843,3.420803,,3.46957e-06
8844,3.295615,,3.46364e-06
8845,2.843885,,3.45772e-06
8846,3.471116,,3.45181e-06
8847,3.255126,,3.4459e-06
8848,3.252662,,3.43999e-06
8849,3.427508,,3.43409e-06
8850,3.410262,,3.4282e-06
8851,3.303617,,3.4223e-06
8852,3.698834,,3.41642e-06
8853,3.698274,,3.41054e-06
8854,3.575882,,3.40466e-06
8855,3.945801,,3.39879e-06
8856,3.649055,,3.39293e-06
8857,3.392053,,3.38706e-06
8858,4.138874,,3.38121e-06
8859,3.393432,,3.37536e-06
8860,3.764067,,3.36951e-06
8861,3.753737,,3.36367e-06
8862,3.597434,,3.35783e-06
8863,3.399456,,3.352e-06
8864,3.562459,,3.34617e-06
8865,3.268341,,3.34035e-06
8866,3.245190,,3.33453e-06
8867,3.437425,,3.32872e-06
8868,3.396696,,3.32291e-06
8869,3.360049,,3.31711e-06
8870,3.252010,,3.31131e-06
8871,3.191908,,3.30552e-06
8872,3.259883,,3.29973e-06
8873,3.455275,,3.29395e-06
8874,2.913640,,3.28817e-06
8875,2.437345,,3.2824e-06
8876,2.899796,,3.27663e-06
8877,2.710762,,3.27087e-06
8878,3.398564,,3.26511e-06
8879,3.294443,,3.25936e-06
8880,3.381746,,3.25361e-06
8881,3.068339,,3.24786e-06
8882,3.384937,,3.24212e-06
8883,2.808847,,3.23639e-06
8884,3.085079,,3.23066e-06
8885,2.924138,,3.22494e-06
8886,2.951197,,3.21922e-06
8887,2.708442,,3.2135e-06
8888,2.675618,,3.20779e-06
8889,3.089118,,3.20209e-06
8890,2.760823,,3.19639e-06
8891,2.418197,,3.1907e-06
8892,2.710129,,3.18501e-06
8893,2.983417,,3.17932e-06
8894,2.950493,,3.17364e-06
8895,3.116596,,3.16797e-06
8896,2.846068,,3.1623e-06
8897,3.288131,,3.15663e-06
8898,3.189042,,3.15097e-06
8899,3.664288,,3.14532e-06
8900,2.999443,,3.13966e-06
8901,3.039221,,3.13402e-06
8902,3.379956,,3.12838e-06
8903,3.359447,,3.12274e-06
8904,3.537564,,3.11711e-06
8905,3.650868,,3.11149e-06
8906,3.318781,,3.10587e-06
8907,2.895153,,3.10025e-06
8908,3.268582,,3.09464e-06
8909,3.070941,,3.08903e-06
8910,3.067935,,3.08343e-06
8911,3.217468,,3.07783e-06
8912,3.107631,,3.07224e-06
8913,2.693505,,3.06666e-06
8914,2.860225,,3.06108e-06
8915,3.335678,,3.0555e-06
8916,3.562084,,3.04993e-06
8917,3.488588,,3.04436e-06
8918,2.892494,,3.0388e-06
8919,3.127945,,3.03324e-06
8920,3.139857,,3.02769e-06
8921,2.961433,,3.02214e-06
8922,3.595757,,3.0166e-06
8923,2.965459,,3.01106e-06
8924,3.405985,,3.00553e-06
8925,3.408556,,3e-06
8926,2.835845,,2.99448e-06
8927,2.952071,,2.98896e-06
8928,2.975524,,2.98345e-06
8929,3.095369,,2.97794e-06
8930,3.374139,,2.97244e-06
8931,3.057547,,2.96694e-06
8932,3.281751,,2.96145e-06
8933,3.409036,,2.95596e-06
8934,3.587757,,2.95048e-06
8935,3.211343,,2.945e-06
8936,3.482548,,2.93953e-06
8937,3.135442,,2.93406e-06
8938,2.750065,,2.9286e-06
8939,3.224926,,2.92314e-06
8940,3.053503,,2.91768e-06
8941,2.810639,,2.91224e-06
8942,3.078368,,2.90679e-06
8943,2.980170,,2.90135e-06
8944,1.836382,,2.89592e-06
8945,2.526653,,2.89049e-06
8946,3.151759,,2.88507e-06
8947,2.861715,,2.87965e-06
8948,3.374154,,2.87424e-06
8949,3.329586,,2.86883e-06
8950,2.925445,,2.86342e-06
8951,2.846074,,2.85802e-06
8952,3.504027,,2.85263e-06
8953,3.301137,,2.84724e-06
8954,3.226590,,2.84186e-06
8955,2.883373,,2.83648e-06
8956,3.073955,,2.8311e-06
8957,3.058563,,2.82573e-06
8958,3.219291,,2.82037e-06
8959,3.167682,,2.81501e-06
8960,3.280772,,2.80966e-06
8961,3.425831,,2.80431e-06
8962,3.584570,,2.79896e-06
8963,3.213606,,2.79362e-06
8964,3.601950,,2.78829e-06
8965,3.157238,,2.78296e-06
8966,3.192017,,2.77763e-06
8967,2.933912,,2.77231e-06
8968,2.904879,,2.767e-06
8969,2.983320,,2.76169e-06
8970,3.048796,,2.75638e-06
8971,3.314442,,2.75108e-06
8972,3.021196,,2.74579e-06
8973,2.240790,,2.7405e-06
8974,3.014102,,2.73521e-06
8975,3.052984,,2.72993e-06
8976,3.360077,,2.72466e-06
8977,3.691610,,2.71939e-06
8978,3.256530,,2.71412e-06
8979,2.271641,,2.70886e-06
8980,2.731041,,2.70361e-06
8981,1.728180,,2.69836e-06
8982,2.035292,,2.69311e-06
8983,2.383502,,2.68787e-06
8984,2.265990,,2.68263e-06
8985,2.520904,,2.6774e-06
8986,2.606901,,2.67218e-06
8987,2.803681,,2.66696e-06
8988,2.783296,,2.66174e-06
8989,2.218596,,2.65653e-06
8990,2.220445,,2.65133e-06
8991,2.818146,,2.64612e-06
8992,2.526992,,2.64093e-06
8993,2.869037,,2.63574e-06
8994,2.652606,,2.63055e-06
8995,2.403093,,2.62537e-06
8996,2.549266,,2.62019e-06
8997,2.329461,,2.61502e-06
8998,2.724421,,2.60986e-06
8999,2.788888,,2.6047e-06
9000,3.070382,3.171871,2.59954e-06
9001,2.591280,,2.59439e-06
9002,3.030966,,2.58924e-06
9003,3.000609,,2.5841e-06
9004,2.977165,,2.57897e-06
9005,2.538448,,2.57384e-06
9006,2.529927,,2.56871e-06
9007,2.675468,,2.56359e-06
9008,2.562067,,2.55847e-06
9009,2.239731,,2.55336e-06
9010,2.262809,,2.54825e-06
9011,2.400315,,2.54315e-06
9012,2.723880,,2.53806e-06
9013,2.381735,,2.53297e-06
9014,2.481371,,2.52788e-06
9015,2.568367,,2.5228e-06
9016,2.876844,,2.51772e-06
9017,2.258744,,2.51265e-06
9018,2.672023,,2.50758e-06
9019,2.846667,,2.50252e-06
9020,2.505608,,2.49747e-06
9021,2.829274,,2.49241e-06
9022,2.978096,,2.48737e-06
9023,2.178574,,2.48233e-06
9024,3.024752,,2.47729e-06
9025,3.294024,,2.47226e-06
9026,3.652411,,2.46723e-06
9027,3.227279,,2.46221e-06
9028,1.981625,,2.45719e-06
9029,2.281795,,2.45218e-06
9030,3.645820,,2.44717e-06
9031,3.728703,,2.44217e-06
9032,2.200286,,2.43718e-06
9033,1.966251,,2.43218e-06
9034,2.652868,,2.4272e-06
9035,2.521320,,2.42222e-06
9036,2.596642,,2.41724e-06
9037,2.546639,,2.41227e-06
9038,2.426056,,2.4073e-06
9039,2.906990,,2.40234e-06
9040,2.367555,,2.39738e-06
9041,2.216614,,2.39243e-06
9042,2.602778,,2.38748e-06
9043,2.615680,,2.38254e-06
9044,2.424850,,2.37761e-06
9045,2.694653,,2.37267e-06
9046,2.385241,,2.36775e-06
9047,2.599339,,2.36282e-06
9048,2.349191,,2.35791e-06
9049,2.809761,,2.353e-06
9050,2.690209,,2.34809e-06
9051,2.644673,,2.34319e-06
9052,2.786927,,2.33829e-06
9053,2.836807,,2.3334e-06
9054,2.938142,,2.32851e-06
9055,2.664613,,2.32363e-06
9056,2.738970,,2.31875e-06
9057,2.493667,,2.31388e-06
9058,2.478846,,2.30902e-06
9059,2.623611,,2.30415e-06
9060,2.627343,,2.2993e-06
9061,2.362968,,2.29444e-06
9062,2.662179,,2.2896e-06
9063,2.445515,,2.28476e-06
9064,2.419897,,2.27992e-06
9065,2.960843,,2.27509e-06
9066,3.057853,,2.27026e-06
9067,3.676573,,2.26544e-06
9068,3.088270,,2.26062e-06
9069,3.299381,,2.25581e-06
9070,2.585556,,2.251e-06
9071,2.249596,,2.2462e-06
9072,2.588267,,2.24141e-06
9073,2.787047,,2.23661e-06
9074,2.980928,,2.23183e-06
9075,2.754066,,2.22705e-06
9076,3.509846,,2.22227e-06
9077,3.348722,,2.2175e-06
9078,2.826630,,2.21273e-06
9079,3.021491,,2.20797e-06
9080,2.820527,,2.20321e-06
9081,2.315270,,2.19846e-06
9082,2.618722,,2.19371e-06
9083,2.758670,,2.18897e-06
9084,3.315785,,2.18424e-06
9085,2.715720,,2.1795e-06
9086,2.829632,,2.17478e-06
9087,3.093249,,2.17006e-06
9088,3.319519,,2.16534e-06
9089,2.898497,,2.16063e-06
9090,3.046377,,2.15592e-06
9091,3.353380,,2.15122e-06
9092,3.129394,,2.14652e-06
9093,3.374614,,2.14183e-06
9094,2.291111,,2.13715e-06
9095,2.336722,,2.13247e-06
9096,2.603902,,2.12779e-06
9097,2.730807,,2.12312e-06
9098,2.701750,,2.11845e-06
9099,3.003023,,2.11379e-06
9100,2.128116,,2.10913e-06
9101,2.169173,,2.10448e-06
9102,2.455270,,2.09984e-06
9103,2.046258,,2.0952e-06
9104,2.673851,,2.09056e-06
9105,2.866608,,2.08593e-06
9106,3.192343,,2.0813e-06
9107,2.875123,,2.07668e-06
9108,3.404992,,2.07206e-06
9109,2.731334,,2.06745e-06
9110,2.605499,,2.06285e-06
9111,2.423319,,2.05825e-06
9112,2.539666,,2.05365e-06
9113,2.826706,,2.04906e-06
9114,2.455302,,2.04447e-06
9115,2.475691,,2.03989e-06
9116,3.215851,,2.03532e-06
9117,2.702408,,2.03075e-06
9118,2.371196,,2.02618e-06
9119,2.674517,,2.02162e-06
9120,2.599695,,2.01706e-06
9121,2.677104,,2.01251e-06
9122,3.385587,,2.00797e-06
9123,3.447510,,2.00343e-06
9124,2.453941,,1.99889e-06
9125,3.094390,,1.99436e-06
9126,3.394020,,1.98984e-06
9127,2.941536,,1.98532e-06
9128,3.385554,,1.9808e-06
9129,2.965644,,1.97629e-06
9130,3.110053,,1.97178e-06
9131,2.966046,,1.96728e-06
9132,3.150922,,1.96279e-06
9133,3.097269,,1.9583e-06
9134,3.497877,,1.95381e-06
9135,3.087615,,1.94933e-06
9136,3.287055,,1.94486e-06
9137,3.462402,,1.94039e-06
9138,2.954873,,1.93592e-06
9139,3.720477,,1.93146e-06
9140,3.797969,,1.92701e-06
9141,3.013647,,1.92256e-06
9142,2.099159,,1.91811e-06
9143,2.565665,,1.91367e-06
9144,2.733231,,1.90924e-06
9145,2.642467,,1.90481e-06
9146,2.771525,,1.90038e-06
9147,2.804309,,1.89597e-06
9148,2.188817,,1.89155e-06
9149,2.350892,,1.88714e-06
9150,1.801118,,1.88274e-06
9151,2.121659,,1.87834e-06
9152,2.392425,,1.87394e-06
9153,2.511289,,1.86955e-06
9154,2.658799,,1.86517e-06
9155,2.130543,,1.86079e-06
9156,2.196033,,1.85642e-06
9157,2.846866,,1.85205e-06
9158,1.958041,,1.84768e-06
9159,1.964527,,1.84332e-06
9160,2.444574,,1.83897e-06
9161,2.589053,,1.83462e-06
9162,3.393674,,1.83028e-06
9163,2.814381,,1.82594e-06
9164,2.446691,,1.8216e-06
9165,2.856090,,1.81728e-06
9166,3.075266,,1.81295e-06
9167,2.946025,,1.80863e-06
9168,2.977914,,1.80432e-06
9169,2.682844,,1.80001e-06
9170,2.732893,,1.79571e-06
9171,2.740398,,1.79141e-06
9172,2.868566,,1.78712e-06
9173,2.825955,,1.78283e-06
9174,2.738339,,1.77854e-06
9175,2.732649,,1.77427e-06
9176,2.932582,,1.76999e-06
9177,2.739483,,1.76573e-06
9178,3.057703,,1.76146e-06
9179,3.023937,,1.7572e-06
9180,2.814422,,1.75295e-06
9181,2.746913,,1.7487e-06
9182,3.241289,,1.74446e-06
9183,2.673357,,1.74022e-06
9184,2.707281,,1.73599e-06
9185,2.691728,,1.73176e-06
9186,2.650803,,1.72754e-06
9187,3.024593,,1.72332e-06
9188,2.563333,,1.71911e-06
9189,3.032539,,1.7149e-06
9190,3.036472,,1.7107e-06
9191,2.542480,,1.7065e-06
9192,3.012534,,1.70231e-06
9193,2.914742,,1.69812e-06
9194,3.091635,,1.69394e-06
9195,2.491109,,1.68977e-06
9196,2.360352,,1.68559e-06
9197,2.667505,,1.68143e-06
9198,2.375309,,1.67727e-06
9199,2.740077,,1.67311e-06
9200,2.682945,,1.66896e-06
9201,2.627363,,1.66481e-06
9202,3.102705,,1.66067e-06
9203,2.864451,,1.65653e-06
9204,2.780525,,1.6524e-06
9205,3.008460,,1.64828e-06
9206,2.263812,,1.64415e-06
9207,2.813897,,1.64004e-06
9208,2.245291,,1.63593e-06
9209,2.504967,,1.63182e-06
9210,3.055250,,1.62772e-06
9211,3.855292,,1.62363e-06
9212,3.485515,,1.61953e-06
9213,3.307734,,1.61545e-06
9214,3.149218,,1.61137e-06
9215,3.422372,,1.60729e-06
9216,2.744372,,1.60322e-06
9217,2.965915,,1.59916e-06
9218,3.046187,,1.5951e-06
9219,2.556982,,1.59104e-06
9220,2.536964,,1.58699e-06
9221,3.203786,,1.58295e-06
9222,3.182672,,1.57891e-06
9223,2.865122,,1.57487e-06
9224,2.328588,,1.57084e-06
9225,2.505217,,1.56682e-06
9226,2.553708,,1.5628e-06
9227,3.082906,,1.55878e-06
9228,3.094514,,1.55477e-06
9229,2.521796,,1.55077e-06
9230,2.888801,,1.54677e-06
9231,2.881315,,1.54278e-06
9232,3.135789,,1.53879e-06
9233,3.402445,,1.5348e-06
9234,3.224128,,1.53082e-06
9235,2.784710,,1.52685e-06
9236,3.148124,,1.52288e-06
9237,3.003190,,1.51892e-06
9238,3.132454,,1.51496e-06
9239,3.023316,,1.51101e-06
9240,2.984756,,1.50706e-06
9241,2.858552,,1.50311e-06
9242,3.358781,,1.49918e-06
9243,3.023760,,1.49524e-06
9244,2.890825,,1.49131e-06
9245,3.311343,,1.48739e-06
9246,3.434747,,1.48347e-06
9247,3.181003,,1.47956e-06
9248,3.100796,,1.47565e-06
9249,2.819995,,1.47175e-06
9250,2.646272,3.176248,1.46785e-06
9251,2.681182,,1.46396e-06
9252,3.138960,,1.46007e-06
9253,3.133411,,1.45619e-06
9254,3.406008,,1.45231e-06
9255,3.174683,,1.44844e-06
9256,3.071241,,1.44457e-06
9257,3.606979,,1.44071e-06
9258,3.082115,,1.43686e-06
9259,3.340009,,1.433e-06
9260,3.380365,,1.42916e-06
9261,2.964006,,1.42532e-06
9262,2.874241,,1.42148e-06
9263,2.682023,,1.41765e-06
9264,2.218426,,1.41382e-06
9265,2.142536,,1.41e-06
9266,3.011131,,1.40618e-06
9267,2.557491,,1.40237e-06
9268,2.354785,,1.39857e-06
9269,3.034699,,1.39477e-06
9270,3.333754,,1.39097e-06
9271,3.217959,,1.38718e-06
9272,3.522330,,1.38339e-06
9273,2.596911,,1.37961e-06
9274,3.280663,,1.37584e-06
9275,3.418967,,1.37207e-06
9276,3.023276,,1.3683e-06
9277,3.586591,,1.36454e-06
9278,3.671737,,1.36079e-06
9279,3.688394,,1.35704e-06
9280,3.917802,,1.35329e-06
9281,3.689920,,1.34956e-06
9282,3.778390,,1.34582e-06
9283,3.509566,,1.34209e-06
9284,3.644953,,1.33837e-06
9285,3.557546,,1.33465e-06
9286,3.458642,,1.33093e-06
9287,3.306507,,1.32723e-06
9288,3.492674,,1.32352e-06
9289,2.840646,,1.31982e-06
9290,1.910331,,1.31613e-06
9291,2.629110,,1.31244e-06
9292,2.400861,,1.30876e-06
9293,2.579179,,1.30508e-06
9294,2.618377,,1.30141e-06
9295,2.895607,,1.29774e-06
9296,2.454660,,1.29407e-06
9297,2.749144,,1.29042e-06
9298,2.925110,,1.28676e-06
9299,3.310089,,1.28312e-06
9300,2.727558,,1.27947e-06
9301,3.445284,,1.27584e-06
9302,3.458699,,1.2722e-06
9303,3.098966,,1.26858e-06
9304,2.869440,,1.26495e-06
9305,3.397571,,1.26134e-06
9306,2.185495,,1.25773e-06
9307,2.831238,,1.25412e-06
9308,4.017735,,1.25052e-06
9309,3.737973,,1.24692e-06
9310,3.954960,,1.24333e-06
9311,3.904716,,1.23974e-06
9312,3.826076,,1.23616e-06
9313,3.672205,,1.23259e-06
9314,3.500274,,1.22902e-06
9315,3.864747,,1.22545e-06
9316,3.489614,,1.22189e-06
9317,2.409065,,1.21833e-06
9318,2.922136,,1.21478e-06
9319,3.777227,,1.21124e-06
9320,3.945608,,1.2077e-06
9321,3.135691,,1.20416e-06
9322,3.441507,,1.20063e-06
9323,3.290398,,1.19711e-06
9324,3.323882,,1.19359e-06
9325,2.653302,,1.19007e-06
9326,3.954848,,1.18656e-06
9327,3.890554,,1.18306e-06
9328,2.950598,,1.17956e-06
9329,2.785009,,1.17607e-06
9330,3.012825,,1.17258e-06
9331,3.401638,,1.16909e-06
9332,2.683565,,1.16561e-06
9333,2.955864,,1.16214e-06
9334,2.858138,,1.15867e-06
9335,3.011296,,1.15521e-06
9336,3.533330,,1.15175e-06
9337,2.836841,,1.1483e-06
9338,2.992661,,1.14485e-06
9339,3.245852,,1.14141e-06
9340,3.561708,,1.13797e-06
9341,3.199898,,1.13453e-06
9342,3.010977,,1.13111e-06
9343,3.603215,,1.12768e-06
9344,3.166555,,1.12427e-06
9345,3.235259,,1.12086e-06
9346,3.204111,,1.11745e-06
9347,2.456093,,1.11405e-06
9348,2.541751,,1.11065e-06
9349,3.087009,,1.10726e-06
9350,2.929543,,1.10387e-06
9351,2.804963,,1.10049e-06
9352,2.911520,,1.09711e-06
9353,2.970454,,1.09374e-06
9354,2.364373,,1.09038e-06
9355,3.907172,,1.08702e-06
9356,3.635843,,1.08366e-06
9357,3.531585,,1.08031e-06
9358,3.312929,,1.07696e-06
9359,2.905753,,1.07362e-06
9360,2.400959,,1.07029e-06
9361,2.835184,,1.06696e-06
9362,2.308851,,1.06363e-06
9363,2.726104,,1.06031e-06
9364,2.878917,,1.057e-06
9365,3.283649,,1.05369e-06
9366,3.110801,,1.05038e-06
9367,3.106808,,1.04709e-06
9368,2.454508,,1.04379e-06
9369,2.865501,,1.0405e-06
9370,2.845875,,1.03722e-06
9371,3.287042,,1.03394e-06
9372,3.065189,,1.03067e-06
9373,3.262011,,1.0274e-06
9374,2.776356,,1.02413e-06
9375,2.782989,,1.02088e-06
9376,2.465039,,1.01762e-06
9377,2.736631,,1.01437e-06
9378,3.015436,,1.01113e-06
9379,2.472577,,1.00789e-06
9380,3.242070,,1.00466e-06
9381,3.504798,,1.00143e-06
9382,2.570152,,9.98212e-07
9383,2.552066,,9.94995e-07
9384,2.928138,,9.91783e-07
9385,3.102258,,9.88576e-07
9386,3.190056,,9.85375e-07
9387,3.118454,,9.82178e-07
9388,2.781202,,9.78987e-07
9389,2.807246,,9.758e-07
9390,3.179353,,9.72619e-07
9391,3.061249,,9.69443e-07
9392,3.164813,,9.66273e-07
9393,3.010405,,9.63107e-07
9394,2.480692,,9.59946e-07
9395,2.648385,,9.56791e-07
9396,3.021207,,9.53641e-07
9397,2.536002,,9.50496e-07
9398,3.233781,,9.47356e-07
9399,3.725451,,9.44221e-07
9400,3.180777,,9.41091e-07
9401,2.897635,,9.37967e-07
9402,3.027869,,9.34847e-07
9403,2.952859,,9.31733e-07
9404,3.126183,,9.28624e-07
9405,3.212722,,9.2552e-07
9406,3.182921,,9.22421e-07
9407,3.180744,,9.19328e-07
9408,3.319700,,9.16239e-07
9409,3.033532,,9.13156e-07
9410,2.590589,,9.10078e-07
9411,2.642308,,9.07005e-07
9412,2.510468,,9.03937e-07
9413,2.677774,,9.00874e-07
9414,2.392353,,8.97816e-07
9415,2.846998,,8.94764e-07
9416,2.857654,,8.91717e-07
9417,2.484740,,8.88674e-07
9418,2.109780,,8.85637e-07
9419,2.672259,,8.82606e-07
9420,2.725609,,8.79579e-07
9421,1.955674,,8.76557e-07
9422,1.928107,,8.73541e-07
9423,1.982297,,8.7053e-07
9424,2.284727,,8.67524e-07
9425,2.696188,,8.64523e-07
9426,2.716871,,8.61527e-07
9427,2.364160,,8.58536e-07
9428,2.412244,,8.55551e-07
9429,2.239961,,8.52571e-07
9430,2.138662,,8.49596e-07
9431,2.545270,,8.46626e-07
9432,2.732898,,8.43661e-07
9433,2.867619,,8.40701e-07
9434,2.656024,,8.37747e-07
9435,2.448083,,8.34797e-07
9436,2.410748,,8.31853e-07
9437,3.078542,,8.28914e-07
9438,3.359064,,8.2598e-07
9439,3.550773,,8.23051e-07
9440,2.948438,,8.20128e-07
9441,3.362072,,8.17209e-07
9442,3.409795,,8.14296e-07
9443,3.201523,,8.11388e-07
9444,3.057658,,8.08485e-07
9445,2.720576,,8.05587e-07
9446,3.185435,,8.02695e-07
9447,3.578484,,7.99807e-07
9448,3.492326,,7.96925e-07
9449,3.162386,,7.94048e-07
9450,3.102160,,7.91176e-07
9451,2.495622,,7.88309e-07
9452,3.418889,,7.85447e-07
9453,2.902004,,7.82591e-07
9454,2.940619,,7.7974e-07
9455,2.619834,,7.76893e-07
9456,2.908409,,7.74052e-07
9457,3.093243,,7.71217e-07
9458,3.085591,,7.68386e-07
9459,2.772810,,7.6556e-07
9460,2.297171,,7.6274e-07
9461,2.568044,,7.59925e-07
9462,2.759593,,7.57115e-07
9463,2.626489,,7.5431e-07
9464,2.376076,,7.5151e-07
9465,2.896649,,7.48716e-07
9466,2.724905,,7.45926e-07
9467,3.337306,,7.43142e-07
9468,2.960633,,7.40363e-07
9469,2.943198,,7.37589e-07
9470,3.028909,,7.34821e-07
9471,2.612882,,7.32057e-07
9472,2.978540,,7.29299e-07
9473,3.367781,,7.26546e-07
9474,3.207135,,7.23798e-07
9475,2.839457,,7.21055e-07
9476,3.202218,,7.18317e-07
9477,3.059971,,7.15585e-07
9478,2.528177,,7.12857e-07
9479,2.934180,,7.10135e-07
9480,3.235532,,7.07418e-07
9481,3.288601,,7.04706e-07
9482,2.917489,,7.02e-07
9483,3.162031,,6.99298e-07
9484,3.415246,,6.96602e-07
9485,3.211002,,6.93911e-07
9486,3.609323,,6.91225e-07
9487,2.890664,,6.88544e-07
9488,2.814834,,6.85868e-07
9489,2.777462,,6.83198e-07
9490,3.155156,,6.80533e-07
9491,2.841738,,6.77873e-07
9492,2.621128,,6.75218e-07
9493,2.832393,,6.72568e-07
9494,2.958283,,6.69923e-07
9495,2.859154,,6.67284e-07
9496,2.791239,,6.6465e-07
9497,2.799224,,6.62021e-07
9498,2.926211,,6.59397e-07
9499,2.836539,,6.56778e-07
9500,2.968899,3.173661,6.54165e-07
9501,2.622725,,6.51556e-07
9502,2.970986,,6.48953e-07
9503,3.169434,,6.46355e-07
9504,2.470592,,6.43762e-07
9505,2.493519,,6.41175e-07
9506,2.788536,,6.38592e-07
9507,2.989085,,6.36015e-07
9508,3.035305,,6.33443e-07
9509,3.352469,,6.30876e-07
9510,3.272209,,6.28314e-07
9511,3.821653,,6.25757e-07
9512,3.223007,,6.23206e-07
9513,3.656395,,6.2066e-07
9514,3.716041,,6.18119e-07
9515,3.859875,,6.15583e-07
9516,3.773313,,6.13052e-07
9517,3.748261,,6.10527e-07
9518,3.688183,,6.08006e-07
9519,3.083436,,6.05491e-07
9520,3.289951,,6.02981e-07
9521,3.285527,,6.00477e-07
9522,3.294898,,5.97977e-07
9523,3.013450,,5.95483e-07
9524,3.399466,,5.92993e-07
9525,3.429739,,5.90509e-07
9526,3.028993,,5.88031e-07
9527,3.302080,,5.85557e-07
9528,3.683543,,5.83088e-07
9529,3.854035,,5.80625e-07
9530,3.819853,,5.78167e-07
9531,2.514124,,5.75714e-07
9532,3.146593,,5.73266e-07
9533,3.487043,,5.70824e-07
9534,3.160170,,5.68386e-07
9535,3.152680,,5.65954e-07
9536,3.398713,,5.63527e-07
9537,3.124555,,5.61105e-07
9538,2.705178,,5.58689e-07
9539,3.344163,,5.56277e-07
9540,3.296149,,5.53871e-07
9541,2.586063,,5.5147e-07
9542,2.881492,,5.49074e-07
9543,2.901656,,5.46683e-07
9544,2.549134,,5.44298e-07
9545,2.343092,,5.41917e-07
9546,2.520730,,5.39542e-07
9547,2.709084,,5.37172e-07
9548,3.254758,,5.34807e-07
9549,4.186845,,5.32448e-07
9550,4.253729,,5.30093e-07
9551,3.778691,,5.27744e-07
9552,3.406938,,5.254e-07
9553,3.809049,,5.23061e-07
9554,4.287806,,5.20728e-07
9555,3.130766,,5.18399e-07
9556,2.710471,,5.16076e-07
9557,2.525092,,5.13758e-07
9558,2.709965,,5.11445e-07
9559,3.335057,,5.09137e-07
9560,2.785507,,5.06835e-07
9561,2.393432,,5.04538e-07
9562,3.194881,,5.02246e-07
9563,3.497698,,4.99959e-07
9564,2.890698,,4.97677e-07
9565,3.337044,,4.954e-07
9566,3.006950,,4.93129e-07
9567,3.265136,,4.90863e-07
9568,3.318035,,4.88602e-07
9569,3.546484,,4.86346e-07
9570,3.275873,,4.84096e-07
9571,3.506773,,4.8185e-07
9572,3.256496,,4.7961e-07
9573,3.186954,,4.77375e-07
9574,2.830086,,4.75145e-07
9575,3.221902,,4.72921e-07
9576,3.175258,,4.70701e-07
9577,2.953558,,4.68487e-07
9578,2.974892,,4.66278e-07
9579,3.309414,,4.64074e-07
9580,2.879128,,4.61876e-07
9581,2.986753,,4.59682e-07
9582,3.422083,,4.57494e-07
9583,3.095932,,4.55311e-07
9584,3.193733,,4.53133e-07
9585,3.275834,,4.50961e-07
9586,3.334551,,4.48793e-07
9587,3.430944,,4.46631e-07
9588,2.867857,,4.44474e-07
9589,3.152670,,4.42322e-07
9590,2.699329,,4.40175e-07
9591,3.253271,,4.38034e-07
9592,3.406149,,4.35898e-07
9593,2.603128,,4.33767e-07
9594,3.327450,,4.31641e-07
9595,3.322584,,4.2952e-07
9596,3.673641,,4.27405e-07
9597,3.473352,,4.25294e-07
9598,2.621927,,4.23189e-07
9599,3.049026,,4.2109e-07
9600,2.854688,,4.18995e-07
9601,2.979969,,4.16905e-07
9602,3.143809,,4.14821e-07
9603,3.655154,,4.12742e-07
9604,2.743920,,4.10668e-07
9605,2.745028,,4.086e-07
9606,2.409273,,4.06536e-07
9607,2.446402,,4.04478e-07
9608,2.938351,,4.02425e-07
9609,2.861540,,4.00377e-07
9610,2.998419,,3.98335e-07
9611,3.313984,,3.96297e-07
9612,2.759249,,3.94265e-07
9613,3.490154,,3.92238e-07
9614,3.195060,,3.90216e-07
9615,3.116582,,3.88199e-07
9616,3.300423,,3.86188e-07
9617,3.141039,,3.84182e-07
9618,2.565648,,3.82181e-07
9619,3.324356,,3.80185e-07
9620,3.064155,,3.78195e-07
9621,3.212657,,3.76209e-07
9622,3.307174,,3.74229e-07
9623,2.914402,,3.72254e-07
9624,3.119609,,3.70284e-07
9625,3.054715,,3.6832e-07
9626,3.390887,,3.6636e-07
9627,2.863562,,3.64406e-07
9628,3.753433,,3.62457e-07
9629,2.519725,,3.60513e-07
9630,2.727556,,3.58575e-07
9631,2.541387,,3.56642e-07
9632,2.639641,,3.54714e-07
9633,2.650351,,3.52791e-07
9634,2.633574,,3.50873e-07
9635,2.459265,,3.4896e-07
9636,3.310118,,3.47053e-07
9637,3.311412,,3.45151e-07
9638,3.448704,,3.43254e-07
9639,2.425242,,3.41363e-07
9640,2.994779,,3.39476e-07
9641,2.908038,,3.37595e-07
9642,3.037962,,3.35719e-07
9643,2.891449,,3.33848e-07
9644,2.841702,,3.31982e-07
9645,2.674962,,3.30122e-07
9646,3.031891,,3.28267e-07
9647,3.053843,,3.26417e-07
9648,3.025438,,3.24572e-07
9649,2.874774,,3.22733e-07
9650,2.628394,,3.20898e-07
9651,2.368509,,3.19069e-07
9652,2.329077,,3.17245e-07
9653,3.099855,,3.15426e-07
9654,2.628067,,3.13613e-07
9655,3.086963,,3.11805e-07
9656,4.152084,,3.10002e-07
9657,3.826346,,3.08204e-07
9658,4.186444,,3.06411e-07
9659,2.963634,,3.04624e-07
9660,3.507682,,3.02841e-07
9661,2.753051,,3.01064e-07
9662,3.212323,,2.99293e-07
9663,3.347994,,2.97526e-07
9664,2.535155,,2.95765e-07
9665,3.025814,,2.94008e-07
9666,2.841536,,2.92258e-07
9667,3.256675,,2.90512e-07
9668,3.045988,,2.88771e-07
9669,2.642842,,2.87036e-07
9670,2.300917,,2.85306e-07
9671,2.533034,,2.83581e-07
9672,2.417454,,2.81861e-07
9673,2.678330,,2.80147e-07
9674,2.359536,,2.78438e-07
9675,2.862241,,2.76734e-07
9676,2.596554,,2.75035e-07
9677,2.832613,,2.73341e-07
9678,2.480024,,2.71653e-07
9679,2.921989,,2.6997e-07
9680,2.894645,,2.68292e-07
9681,2.878311,,2.66619e-07
9682,2.915774,,2.64952e-07
9683,2.592287,,2.63289e-07
9684,2.594579,,2.61632e-07
9685,2.543005,,2.5998e-07
9686,2.293022,,2.58334e-07
9687,3.197989,,2.56692e-07
9688,2.978961,,2.55056e-07
9689,2.647585,,2.53425e-07
9690,2.749305,,2.51799e-07
9691,2.550231,,2.50179e-07
9692,1.963671,,2.48564e-07
9693,2.113136,,2.46954e-07
9694,2.165863,,2.45349e-07
9695,2.503858,,2.43749e-07
9696,3.092839,,2.42155e-07
9697,2.904069,,2.40565e-07
9698,2.731428,,2.38981e-07
9699,2.645850,,2.37403e-07
9700,2.869123,,2.35829e-07
9701,3.440658,,2.34261e-07
9702,2.351476,,2.32697e-07
9703,2.787039,,2.3114e-07
9704,2.876033,,2.29587e-07
9705,3.347167,,2.28039e-07
9706,3.117460,,2.26497e-07
9707,3.282783,,2.2496e-07
9708,3.696238,,2.23428e-07
9709,3.509834,,2.21902e-07
9710,3.508358,,2.2038e-07
9711,3.135727,,2.18864e-07
9712,3.578561,,2.17353e-07
9713,3.150007,,2.15848e-07
9714,3.301069,,2.14347e-07
9715,2.830740,,2.12852e-07
9716,3.435884,,2.11362e-07
9717,2.981522,,2.09877e-07
9718,3.022698,,2.08398e-07
9719,2.994802,,2.06923e-07
9720,3.162528,,2.05454e-07
9721,2.872057,,2.0399e-07
9722,3.267741,,2.02531e-07
9723,3.148307,,2.01078e-07
9724,3.325210,,1.9963e-07
9725,3.081097,,1.98187e-07
9726,3.066129,,1.96749e-07
9727,3.067417,,1.95316e-07
9728,2.920910,,1.93889e-07
9729,2.689597,,1.92467e-07
9730,3.686663,,1.9105e-07
9731,3.620160,,1.89638e-07
9732,2.269507,,1.88232e-07
9733,2.688215,,1.86831e-07
9734,2.923472,,1.85435e-07
9735,2.876125,,1.84044e-07
9736,2.894547,,1.82658e-07
9737,3.085948,,1.81278e-07
9738,2.794962,,1.79903e-07
9739,3.013485,,1.78533e-07
9740,2.729239,,1.77168e-07
9741,1.759850,,1.75809e-07
9742,1.924809,,1.74455e-07
9743,2.386661,,1.73106e-07
9744,2.987164,,1.71762e-07
9745,3.914740,,1.70424e-07
9746,3.879504,,1.6909e-07
9747,3.198267,,1.67762e-07
9748,3.490134,,1.66439e-07
9749,3.068380,,1.65122e-07
9750,3.257449,3.170758,1.63809e-07
9751,3.775447,,1.62502e-07
9752,3.200589,,1.612e-07
9753,3.384668,,1.59904e-07
9754,3.726755,,1.58612e-07
9755,3.289571,,1.57326e-07
9756,2.933210,,1.56045e-07
9757,3.303645,,1.54769e-07
9758,3.051048,,1.53499e-07
9759,2.754414,,1.52233e-07
9760,2.589747,,1.50973e-07
9761,2.711695,,1.49718e-07
9762,2.772590,,1.48469e-07
9763,3.244694,,1.47224e-07
9764,2.702328,,1.45985e-07
9765,2.751320,,1.44751e-07
9766,3.186973,,1.43523e-07
9767,2.785182,,1.42299e-07
9768,3.031754,,1.41081e-07
9769,2.964166,,1.39868e-07
9770,3.050301,,1.3866e-07
9771,3.300939,,1.37457e-07
9772,3.129328,,1.3626e-07
9773,3.154777,,1.35068e-07
9774,3.291966,,1.33881e-07
9775,3.979577,,1.32699e-07
9776,3.046873,,1.31523e-07
9777,2.766769,,1.30352e-07
9778,2.864581,,1.29186e-07
9779,3.287121,,1.28025e-07
9780,3.209724,,1.2687e-07
9781,2.854641,,1.25719e-07
9782,3.410800,,1.24574e-07
9783,3.067226,,1.23435e-07
9784,2.775697,,1.223e-07
9785,2.933645,,1.21171e-07
9786,2.599018,,1.20047e-07
9787,3.102740,,1.18928e-07
9788,2.990083,,1.17814e-07
9789,3.019016,,1.16706e-07
9790,3.025550,,1.15603e-07
9791,3.210235,,1.14505e-07
9792,3.518573,,1.13412e-07
9793,3.098167,,1.12324e-07
9794,3.080971,,1.11242e-07
9795,2.825971,,1.10165e-07
9796,3.021473,,1.09093e-07
9797,3.151668,,1.08027e-07
9798,3.350820,,1.06966e-07
9799,2.836638,,1.0591e-07
9800,3.426005,,1.04859e-07
9801,2.401424,,1.03813e-07
9802,2.329642,,1.02773e-07
9803,2.184125,,1.01738e-07
9804,1.691804,,1.00708e-07
9805,1.550069,,9.9683e-08
9806,1.643316,,9.86636e-08
9807,2.188558,,9.76494e-08
9808,2.943016,,9.66404e-08
9809,2.307055,,9.56367e-08
9810,2.376338,,9.46382e-08
9811,3.429162,,9.36449e-08
9812,2.985727,,9.26569e-08
9813,3.043023,,9.16741e-08
9814,2.177673,,9.06966e-08
9815,2.220060,,8.97242e-08
9816,2.559343,,8.87572e-08
9817,2.343709,,8.77953e-08
9818,2.210537,,8.68387e-08
9819,2.559706,,8.58873e-08
9820,2.388470,,8.49412e-08
9821,2.764379,,8.40003e-08
9822,2.477022,,8.30646e-08
9823,2.615989,,8.21342e-08
9824,2.608112,,8.1209e-08
9825,2.708710,,8.0289e-08
9826,2.563660,,7.93743e-08
9827,2.156283,,7.84648e-08
9828,2.654310,,7.75605e-08
9829,2.309898,,7.66615e-08
9830,2.288543,,7.57678e-08
9831,3.176310,,7.48792e-08
9832,2.780516,,7.39959e-08
9833,3.138041,,7.31178e-08
9834,1.826614,,7.2245e-08
9835,2.535046,,7.13774e-08
9836,3.125229,,7.05151e-08
9837,2.691579,,6.96579e-08
9838,2.498891,,6.88061e-08
9839,2.936088,,6.79594e-08
9840,2.578790,,6.7118e-08
9841,2.888100,,6.62818e-08
9842,2.945863,,6.54509e-08
9843,2.288595,,6.46252e-08
9844,2.570755,,6.38048e-08
9845,2.713704,,6.29895e-08
9846,2.683806,,6.21796e-08
9847,2.786241,,6.13748e-08
9848,2.769745,,6.05753e-08
9849,2.879050,,5.97811e-08
9850,2.990211,,5.8992e-08
9851,2.898265,,5.82082e-08
9852,2.725217,,5.74297e-08
9853,2.781022,,5.66564e-08
9854,2.598433,,5.58883e-08
9855,3.026085,,5.51255e-08
9856,2.790024,,5.43679e-08
9857,3.210271,,5.36155e-08
9858,2.530540,,5.28684e-08
9859,2.400461,,5.21266e-08
9860,2.496458,,5.13899e-08
9861,2.825047,,5.06585e-08
9862,2.995198,,4.99324e-08
9863,2.991947,,4.92115e-08
9864,3.070506,,4.84958e-08
9865,2.899549,,4.77853e-08
9866,2.822980,,4.70801e-08
9867,2.823835,,4.63802e-08
9868,2.983899,,4.56855e-08
9869,3.054842,,4.4996e-08
9870,3.507361,,4.43117e-08
9871,2.737085,,4.36327e-08
9872,2.299891,,4.2959e-08
9873,2.822081,,4.22905e-08
9874,2.655360,,4.16272e-08
9875,2.837887,,4.09692e-08
9876,2.999570,,4.03164e-08
9877,2.853804,,3.96688e-08
9878,2.299628,,3.90265e-08
9879,2.346293,,3.83894e-08
9880,2.309099,,3.77576e-08
9881,2.241384,,3.7131e-08
9882,2.540478,,3.65096e-08
9883,2.931376,,3.58935e-08
9884,2.350811,,3.52826e-08
9885,2.402624,,3.4677e-08
9886,2.658010,,3.40766e-08
9887,2.591157,,3.34815e-08
9888,2.565033,,3.28916e-08
9889,2.267926,,3.23069e-08
9890,2.464651,,3.17275e-08
9891,2.567369,,3.11533e-08
9892,2.683561,,3.05844e-08
9893,2.572112,,3.00207e-08
9894,2.401191,,2.94622e-08
9895,2.738420,,2.8909e-08
9896,2.749934,,2.8361e-08
9897,3.126522,,2.78183e-08
9898,2.463030,,2.72808e-08
9899,2.823612,,2.67486e-08
9900,2.703662,,2.62215e-08
9901,2.524039,,2.56998e-08
9902,2.445358,,2.51833e-08
9903,2.891676,,2.4672e-08
9904,2.719465,,2.41659e-08
9905,2.943644,,2.36651e-08
9906,3.251818,,2.31696e-08
9907,3.260179,,2.26793e-08
9908,3.167588,,2.21942e-08
9909,3.179673,,2.17144e-08
9910,3.275641,,2.12398e-08
9911,2.993325,,2.07705e-08
9912,3.260337,,2.03064e-08
9913,3.159793,,1.98475e-08
9914,3.157658,,1.93939e-08
9915,2.747463,,1.89455e-08
9916,3.000316,,1.85024e-08
9917,3.118832,,1.80645e-08
9918,3.548246,,1.76319e-08
9919,3.297438,,1.72045e-08
9920,3.019999,,1.67823e-08
9921,3.087744,,1.63654e-08
9922,3.018179,,1.59537e-08
9923,3.131804,,1.55473e-08
9924,3.233668,,1.51461e-08
9925,3.198055,,1.47502e-08
9926,2.561536,,1.43595e-08
9927,2.633323,,1.3974e-08
9928,3.452066,,1.35938e-08
9929,2.626141,,1.32189e-08
9930,2.868792,,1.28491e-08
9931,1.808766,,1.24847e-08
9932,2.919589,,1.21254e-08
9933,2.686520,,1.17714e-08
9934,3.606442,,1.14227e-08
9935,3.466545,,1.10792e-08
9936,3.135957,,1.07409e-08
9937,2.771866,,1.04079e-08
9938,3.310853,,1.00801e-08
9939,3.601297,,9.75757e-09
9940,3.170396,,9.44029e-09
9941,2.997867,,9.12824e-09
9942,3.339505,,8.82144e-09
9943,3.366992,,8.51988e-09
9944,3.408653,,8.22357e-09
9945,3.110971,,7.9325e-09
9946,3.284374,,7.64668e-09
9947,3.427769,,7.3661e-09
9948,3.590150,,7.09076e-09
9949,3.263859,,6.82067e-09
9950,3.324332,,6.55582e-09
9951,3.267257,,6.29621e-09
9952,3.169914,,6.04185e-09
9953,3.422754,,5.79273e-09
9954,3.225656,,5.54886e-09
9955,3.544524,,5.31023e-09
9956,3.077503,,5.07685e-09
9957,2.630197,,4.84871e-09
9958,2.828079,,4.62581e-09
9959,2.764000,,4.40816e-09
9960,2.560679,,4.19576e-09
9961,2.247673,,3.98859e-09
9962,2.268111,,3.78667e-09
9963,2.978778,,3.59e-09
9964,2.846340,,3.39857e-09
9965,2.882028,,3.21239e-09
9966,2.408983,,3.03145e-09
9967,2.625977,,2.85575e-09
9968,2.706686,,2.6853e-09
9969,2.737975,,2.52009e-09
9970,3.044029,,2.36013e-09
9971,2.974072,,2.20541e-09
9972,3.396143,,2.05593e-09
9973,2.618671,,1.91171e-09
9974,2.623242,,1.77272e-09
9975,3.053429,,1.63898e-09
9976,3.143855,,1.51049e-09
9977,2.977368,,1.38723e-09
9978,3.300677,,1.26923e-09
9979,2.981830,,1.15647e-09
9980,2.530596,,1.04895e-09
9981,3.093357,,9.46678e-10
9982,3.001659,,8.4965e-10
9983,3.330354,,7.57867e-10
9984,2.395597,,6.71329e-10
9985,2.982913,,5.90035e-10
9986,2.265342,,5.13986e-10
9987,2.999487,,4.43182e-10
9988,3.136278,,3.77623e-10
9989,3.149006,,3.17308e-10
9990,2.745721,,2.62238e-10
9991,3.520633,,2.12413e-10
9992,3.389074,,1.67832e-10
9993,3.130332,,1.28497e-10
9994,3.130230,,9.44058e-11
9995,3.251777,,6.55596e-11
9996,3.351434,,4.19581e-11
9997,2.729130,,2.36015e-11
9998,2.879340,,1.04895e-11
9999,2.035223,,2.62238e-12
10000,3.129964,3.170441,0
